101560,101560,S3/cGYevMBh/VNdV1wa+0ra+I8o=,RFS41C3cPlH+6g3pQRV5R47NR8w=
101560,101562,S3/cGYevMBh/VNdV1wa+0ra+I8o=,WJJSP3piDMTvMl415bB3jOrOML4=
101560,101561,S3/cGYevMBh/VNdV1wa+0ra+I8o=,RFS41C3cPlH+6g3pQRV5R47NR8w=
101560,101563,S3/cGYevMBh/VNdV1wa+0ra+I8o=,WJJSP3piDMTvMl415bB3jOrOML4=
101561,101560,S3/cGYevMBh/VNdV1wa+0ra+I8o=,RFS41C3cPlH+6g3pQRV5R47NR8w=
101562,101560,S3/cGYevMBh/VNdV1wa+0ra+I8o=,WJJSP3piDMTvMl415bB3jOrOML4=
101563,101560,S3/cGYevMBh/VNdV1wa+0ra+I8o=,WJJSP3piDMTvMl415bB3jOrOML4=
101563,101562,S3/cGYevMBh/VNdV1wa+0ra+I8o=,3EWjlqmWdGYsugN7TUgy2towvA0=
101562,101562,S3/cGYevMBh/VNdV1wa+0ra+I8o=,3EWjlqmWdGYsugN7TUgy2towvA0=
101562,101563,S3/cGYevMBh/VNdV1wa+0ra+I8o=,3EWjlqmWdGYsugN7TUgy2towvA0=
101561,101561,S3/cGYevMBh/VNdV1wa+0ra+I8o=,RFS41C3cPlH+6g3pQRV5R47NR8w=
101561,101563,S3/cGYevMBh/VNdV1wa+0ra+I8o=,WJJSP3piDMTvMl415bB3jOrOML4=
101561,101562,S3/cGYevMBh/VNdV1wa+0ra+I8o=,WJJSP3piDMTvMl415bB3jOrOML4=
101563,101563,S3/cGYevMBh/VNdV1wa+0ra+I8o=,3EWjlqmWdGYsugN7TUgy2towvA0=
101562,101561,S3/cGYevMBh/VNdV1wa+0ra+I8o=,WJJSP3piDMTvMl415bB3jOrOML4=
101563,101561,S3/cGYevMBh/VNdV1wa+0ra+I8o=,WJJSP3piDMTvMl415bB3jOrOML4=
