-1,-1,+G1pLRTFIJhBvFlRUCr9CuiRTKg=,pIvgWWYLbFUBCN1B0lCyrZhhTyw=
-1,-2,+G1pLRTFIJhBvFlRUCr9CuiRTKg=,pIvgWWYLbFUBCN1B0lCyrZhhTyw=
-1,-3,+G1pLRTFIJhBvFlRUCr9CuiRTKg=,pIvgWWYLbFUBCN1B0lCyrZhhTyw=
-1,-4,+G1pLRTFIJhBvFlRUCr9CuiRTKg=,pIvgWWYLbFUBCN1B0lCyrZhhTyw=
-1,-5,+G1pLRTFIJhBvFlRUCr9CuiRTKg=,pIvgWWYLbFUBCN1B0lCyrZhhTyw=
-1,-6,+G1pLRTFIJhBvFlRUCr9CuiRTKg=,pIvgWWYLbFUBCN1B0lCyrZhhTyw=
-1,-7,+G1pLRTFIJhBvFlRUCr9CuiRTKg=,pIvgWWYLbFUBCN1B0lCyrZhhTyw=
-1,-8,AxWCXYSy76K63xvyo6NegtS+kfk=,pIvgWWYLbFUBCN1B0lCyrZhhTyw=
-1,-9,AxWCXYSy76K63xvyo6NegtS+kfk=,pIvgWWYLbFUBCN1B0lCyrZhhTyw=
-1,-10,AxWCXYSy76K63xvyo6NegtS+kfk=,pIvgWWYLbFUBCN1B0lCyrZhhTyw=
-1,-11,AxWCXYSy76K63xvyo6NegtS+kfk=,iEYKSaLTLI2jCjqzc4Tcgefgb+I=
-1,-12,AxWCXYSy76K63xvyo6NegtS+kfk=,Z630/58U6xypVOVeE2zsDZahQlQ=
-2,-2,AxWCXYSy76K63xvyo6NegtS+kfk=,pIvgWWYLbFUBCN1B0lCyrZhhTyw=
-2,-1,AxWCXYSy76K63xvyo6NegtS+kfk=,pIvgWWYLbFUBCN1B0lCyrZhhTyw=
-2,-4,AxWCXYSy76K63xvyo6NegtS+kfk=,pIvgWWYLbFUBCN1B0lCyrZhhTyw=
-2,-3,AxWCXYSy76K63xvyo6NegtS+kfk=,pIvgWWYLbFUBCN1B0lCyrZhhTyw=
-2,-6,AxWCXYSy76K63xvyo6NegtS+kfk=,fG4P+A1GrfOvwHyjGJFVtVwa2to=
-2,-5,AxWCXYSy76K63xvyo6NegtS+kfk=,pIvgWWYLbFUBCN1B0lCyrZhhTyw=
-2,-8,AxWCXYSy76K63xvyo6NegtS+kfk=,fG4P+A1GrfOvwHyjGJFVtVwa2to=
-2,-7,AxWCXYSy76K63xvyo6NegtS+kfk=,fG4P+A1GrfOvwHyjGJFVtVwa2to=
-2,-10,AxWCXYSy76K63xvyo6NegtS+kfk=,pIvgWWYLbFUBCN1B0lCyrZhhTyw=
-2,-9,AxWCXYSy76K63xvyo6NegtS+kfk=,fG4P+A1GrfOvwHyjGJFVtVwa2to=
-2,-12,AxWCXYSy76K63xvyo6NegtS+kfk=,fG4P+A1GrfOvwHyjGJFVtVwa2to=
-2,-11,AxWCXYSy76K63xvyo6NegtS+kfk=,pIvgWWYLbFUBCN1B0lCyrZhhTyw=
-3,-3,AxWCXYSy76K63xvyo6NegtS+kfk=,pIvgWWYLbFUBCN1B0lCyrZhhTyw=
-3,-4,AxWCXYSy76K63xvyo6NegtS+kfk=,pIvgWWYLbFUBCN1B0lCyrZhhTyw=
-3,-1,AxWCXYSy76K63xvyo6NegtS+kfk=,8R24DlIqPQLm/+ltnxzIg8ZzwRA=
-3,-2,AxWCXYSy76K63xvyo6NegtS+kfk=,8R24DlIqPQLm/+ltnxzIg8ZzwRA=
-3,-5,AxWCXYSy76K63xvyo6NegtS+kfk=,8R24DlIqPQLm/+ltnxzIg8ZzwRA=
-4,-18,AxWCXYSy76K63xvyo6NegtS+kfk=,3DfbOwvkacldAfl+9y2M/vKLVeQ=
-4,-17,AxWCXYSy76K63xvyo6NegtS+kfk=,5swHvDTM9vXJ6Bsazsd3DGTapFw=
-3,-16,AxWCXYSy76K63xvyo6NegtS+kfk=,lbUrbzg/MDzUgZla4pV5/Vcfn3w=
-4,-4,AxWCXYSy76K63xvyo6NegtS+kfk=,5swHvDTM9vXJ6Bsazsd3DGTapFw=
-4,-3,AxWCXYSy76K63xvyo6NegtS+kfk=,n43VLYfhSCDfl8RQf+aV4lvxTuo=
-4,-2,AxWCXYSy76K63xvyo6NegtS+kfk=,n43VLYfhSCDfl8RQf+aV4lvxTuo=
-3,-17,AxWCXYSy76K63xvyo6NegtS+kfk=,uRwwJkOlwID9t5Kl+twmBInIU40=
-4,-1,AxWCXYSy76K63xvyo6NegtS+kfk=,5swHvDTM9vXJ6Bsazsd3DGTapFw=
-3,-18,AxWCXYSy76K63xvyo6NegtS+kfk=,lbUrbzg/MDzUgZla4pV5/Vcfn3w=
-4,-6,AxWCXYSy76K63xvyo6NegtS+kfk=,lbUrbzg/MDzUgZla4pV5/Vcfn3w=
-4,-5,AxWCXYSy76K63xvyo6NegtS+kfk=,5swHvDTM9vXJ6Bsazsd3DGTapFw=
-4,-16,AxWCXYSy76K63xvyo6NegtS+kfk=,n43VLYfhSCDfl8RQf+aV4lvxTuo=
-5,-17,AxWCXYSy76K63xvyo6NegtS+kfk=,uRwwJkOlwID9t5Kl+twmBInIU40=
-5,-1,AxWCXYSy76K63xvyo6NegtS+kfk=,5swHvDTM9vXJ6Bsazsd3DGTapFw=
-5,-16,AxWCXYSy76K63xvyo6NegtS+kfk=,uRwwJkOlwID9t5Kl+twmBInIU40=
-7,-14,AxWCXYSy76K63xvyo6NegtS+kfk=,uRwwJkOlwID9t5Kl+twmBInIU40=
-5,-2,AxWCXYSy76K63xvyo6NegtS+kfk=,uRwwJkOlwID9t5Kl+twmBInIU40=
-6,-1,AxWCXYSy76K63xvyo6NegtS+kfk=,uRwwJkOlwID9t5Kl+twmBInIU40=
