4,-115,qFSvPpBzHvBRfTq4RYjXkoohsvY=,ZItjVBeuyELjtVgfwclMDO5Qk2k=
3,-115,qFSvPpBzHvBRfTq4RYjXkoohsvY=,7CAKr/sAUk41nzr3lL221MXaNYw=
4,-114,qFSvPpBzHvBRfTq4RYjXkoohsvY=,jTmArI86LZdYhugQnA0MExwk20g=
3,-114,qFSvPpBzHvBRfTq4RYjXkoohsvY=,EloyfqwHNH6RuAvDVK2u5z1xRAc=
4,-116,qFSvPpBzHvBRfTq4RYjXkoohsvY=,ZItjVBeuyELjtVgfwclMDO5Qk2k=
3,-116,qFSvPpBzHvBRfTq4RYjXkoohsvY=,7CAKr/sAUk41nzr3lL221MXaNYw=
5,-116,qFSvPpBzHvBRfTq4RYjXkoohsvY=,ZItjVBeuyELjtVgfwclMDO5Qk2k=
6,-116,qFSvPpBzHvBRfTq4RYjXkoohsvY=,b3JK75Dpfbw2b3uQoxHraSGd5Xg=
0,-116,qFSvPpBzHvBRfTq4RYjXkoohsvY=,tUgq8RXY18ycWFjxmW2bTCha4vQ=
7,-116,qFSvPpBzHvBRfTq4RYjXkoohsvY=,b3JK75Dpfbw2b3uQoxHraSGd5Xg=
1,-116,qFSvPpBzHvBRfTq4RYjXkoohsvY=,tUgq8RXY18ycWFjxmW2bTCha4vQ=
2,-116,qFSvPpBzHvBRfTq4RYjXkoohsvY=,7CAKr/sAUk41nzr3lL221MXaNYw=
3,-113,qFSvPpBzHvBRfTq4RYjXkoohsvY=,EloyfqwHNH6RuAvDVK2u5z1xRAc=
4,-113,qFSvPpBzHvBRfTq4RYjXkoohsvY=,jTmArI86LZdYhugQnA0MExwk20g=
7,-114,qFSvPpBzHvBRfTq4RYjXkoohsvY=,wshOt7ebZJvywDGfW7O7cTMqwGk=
7,-115,qFSvPpBzHvBRfTq4RYjXkoohsvY=,b3JK75Dpfbw2b3uQoxHraSGd5Xg=
7,-113,qFSvPpBzHvBRfTq4RYjXkoohsvY=,wshOt7ebZJvywDGfW7O7cTMqwGk=
6,-115,qFSvPpBzHvBRfTq4RYjXkoohsvY=,b3JK75Dpfbw2b3uQoxHraSGd5Xg=
5,-115,qFSvPpBzHvBRfTq4RYjXkoohsvY=,ZItjVBeuyELjtVgfwclMDO5Qk2k=
6,-114,qFSvPpBzHvBRfTq4RYjXkoohsvY=,wshOt7ebZJvywDGfW7O7cTMqwGk=
6,-113,qFSvPpBzHvBRfTq4RYjXkoohsvY=,wshOt7ebZJvywDGfW7O7cTMqwGk=
5,-113,qFSvPpBzHvBRfTq4RYjXkoohsvY=,jTmArI86LZdYhugQnA0MExwk20g=
5,-114,qFSvPpBzHvBRfTq4RYjXkoohsvY=,jTmArI86LZdYhugQnA0MExwk20g=
0,-115,qFSvPpBzHvBRfTq4RYjXkoohsvY=,tUgq8RXY18ycWFjxmW2bTCha4vQ=
0,-113,qFSvPpBzHvBRfTq4RYjXkoohsvY=,wtJ1OLlsv9mrAgpf1d1ugg/013o=
1,-115,qFSvPpBzHvBRfTq4RYjXkoohsvY=,tUgq8RXY18ycWFjxmW2bTCha4vQ=
0,-114,qFSvPpBzHvBRfTq4RYjXkoohsvY=,wtJ1OLlsv9mrAgpf1d1ugg/013o=
1,-113,qFSvPpBzHvBRfTq4RYjXkoohsvY=,wtJ1OLlsv9mrAgpf1d1ugg/013o=
1,-114,qFSvPpBzHvBRfTq4RYjXkoohsvY=,wtJ1OLlsv9mrAgpf1d1ugg/013o=
2,-115,qFSvPpBzHvBRfTq4RYjXkoohsvY=,7CAKr/sAUk41nzr3lL221MXaNYw=
2,-114,qFSvPpBzHvBRfTq4RYjXkoohsvY=,EloyfqwHNH6RuAvDVK2u5z1xRAc=
2,-113,qFSvPpBzHvBRfTq4RYjXkoohsvY=,EloyfqwHNH6RuAvDVK2u5z1xRAc=
4,-109,qFSvPpBzHvBRfTq4RYjXkoohsvY=,OtJVF6LijvMEsGvUoMJy52CqfZM=
3,-109,qFSvPpBzHvBRfTq4RYjXkoohsvY=,TZL3GwPGrF7RqwJAF3LiaVcFq/A=
2,-109,qFSvPpBzHvBRfTq4RYjXkoohsvY=,TZL3GwPGrF7RqwJAF3LiaVcFq/A=
0,-112,qFSvPpBzHvBRfTq4RYjXkoohsvY=,JJxorPM36SiTkW7PtNirrJQjqlg=
0,-111,qFSvPpBzHvBRfTq4RYjXkoohsvY=,JJxorPM36SiTkW7PtNirrJQjqlg=
5,-109,qFSvPpBzHvBRfTq4RYjXkoohsvY=,OtJVF6LijvMEsGvUoMJy52CqfZM=
6,-109,qFSvPpBzHvBRfTq4RYjXkoohsvY=,p2D8xctiTpwjbN6P27xxEurIirk=
7,-109,qFSvPpBzHvBRfTq4RYjXkoohsvY=,p2D8xctiTpwjbN6P27xxEurIirk=
7,-110,qFSvPpBzHvBRfTq4RYjXkoohsvY=,p2D8xctiTpwjbN6P27xxEurIirk=
7,-112,qFSvPpBzHvBRfTq4RYjXkoohsvY=,vNzHlvQaZjWcVer9OYJfb2K/tMo=
7,-111,qFSvPpBzHvBRfTq4RYjXkoohsvY=,vNzHlvQaZjWcVer9OYJfb2K/tMo=
1,-112,qFSvPpBzHvBRfTq4RYjXkoohsvY=,JJxorPM36SiTkW7PtNirrJQjqlg=
1,-111,qFSvPpBzHvBRfTq4RYjXkoohsvY=,JJxorPM36SiTkW7PtNirrJQjqlg=
2,-110,qFSvPpBzHvBRfTq4RYjXkoohsvY=,TZL3GwPGrF7RqwJAF3LiaVcFq/A=
2,-111,qFSvPpBzHvBRfTq4RYjXkoohsvY=,hxIvipDAf02R/0JQ07DQYlGLi7s=
2,-112,qFSvPpBzHvBRfTq4RYjXkoohsvY=,hxIvipDAf02R/0JQ07DQYlGLi7s=
6,-110,qFSvPpBzHvBRfTq4RYjXkoohsvY=,p2D8xctiTpwjbN6P27xxEurIirk=
5,-110,qFSvPpBzHvBRfTq4RYjXkoohsvY=,OtJVF6LijvMEsGvUoMJy52CqfZM=
3,-110,qFSvPpBzHvBRfTq4RYjXkoohsvY=,TZL3GwPGrF7RqwJAF3LiaVcFq/A=
3,-111,qFSvPpBzHvBRfTq4RYjXkoohsvY=,hxIvipDAf02R/0JQ07DQYlGLi7s=
5,-111,qFSvPpBzHvBRfTq4RYjXkoohsvY=,5adSqH3qj/k29C8/3NNHqocTXpM=
4,-110,qFSvPpBzHvBRfTq4RYjXkoohsvY=,OtJVF6LijvMEsGvUoMJy52CqfZM=
4,-112,qFSvPpBzHvBRfTq4RYjXkoohsvY=,5adSqH3qj/k29C8/3NNHqocTXpM=
3,-112,qFSvPpBzHvBRfTq4RYjXkoohsvY=,hxIvipDAf02R/0JQ07DQYlGLi7s=
4,-111,qFSvPpBzHvBRfTq4RYjXkoohsvY=,5adSqH3qj/k29C8/3NNHqocTXpM=
6,-111,qFSvPpBzHvBRfTq4RYjXkoohsvY=,vNzHlvQaZjWcVer9OYJfb2K/tMo=
5,-112,qFSvPpBzHvBRfTq4RYjXkoohsvY=,5adSqH3qj/k29C8/3NNHqocTXpM=
6,-112,qFSvPpBzHvBRfTq4RYjXkoohsvY=,vNzHlvQaZjWcVer9OYJfb2K/tMo=
