-20,24,/FIc4e0dzsSjLE/FB6v8at4Y5lU=,ZFV6NnBBevCY+FyAnbOVhkc+//0=
-21,24,/FIc4e0dzsSjLE/FB6v8at4Y5lU=,HLDCtsyfM+36O89TqzH0p04eG7Y=
-20,23,/FIc4e0dzsSjLE/FB6v8at4Y5lU=,9SZhj1fCZsdGY5H2LIGi9Sub0CY=
-21,23,/FIc4e0dzsSjLE/FB6v8at4Y5lU=,7f/OGrCuyUgyoUHgipxaKTqX8VE=
-20,22,/FIc4e0dzsSjLE/FB6v8at4Y5lU=,9SZhj1fCZsdGY5H2LIGi9Sub0CY=
-21,22,/FIc4e0dzsSjLE/FB6v8at4Y5lU=,7f/OGrCuyUgyoUHgipxaKTqX8VE=
-20,21,/FIc4e0dzsSjLE/FB6v8at4Y5lU=,PfbKf69V4PZUliWpnFka1TvPobg=
-21,21,/FIc4e0dzsSjLE/FB6v8at4Y5lU=,KRgjC+X4CMjhFiDSU6Tt1Jnmme4=
-20,20,/FIc4e0dzsSjLE/FB6v8at4Y5lU=,PfbKf69V4PZUliWpnFka1TvPobg=
-21,20,/FIc4e0dzsSjLE/FB6v8at4Y5lU=,KRgjC+X4CMjhFiDSU6Tt1Jnmme4=
-21,17,/FIc4e0dzsSjLE/FB6v8at4Y5lU=,wEDbXTzk1xSgLiQjGblGMtMiyh0=
-21,18,/FIc4e0dzsSjLE/FB6v8at4Y5lU=,siraozFL4Y3vLkpDWkI0kaBBAFk=
-20,17,/FIc4e0dzsSjLE/FB6v8at4Y5lU=,lE+6+alJ+pQ1wKjcMzWzRmMokqg=
-21,19,/FIc4e0dzsSjLE/FB6v8at4Y5lU=,siraozFL4Y3vLkpDWkI0kaBBAFk=
-20,18,/FIc4e0dzsSjLE/FB6v8at4Y5lU=,atVURPGkmBYPF51KsjJ/ozLf4Wg=
-20,19,/FIc4e0dzsSjLE/FB6v8at4Y5lU=,atVURPGkmBYPF51KsjJ/ozLf4Wg=
-20,16,/FIc4e0dzsSjLE/FB6v8at4Y5lU=,lE+6+alJ+pQ1wKjcMzWzRmMokqg=
-21,16,/FIc4e0dzsSjLE/FB6v8at4Y5lU=,wEDbXTzk1xSgLiQjGblGMtMiyh0=
-17,21,/FIc4e0dzsSjLE/FB6v8at4Y5lU=,eLCIG3I2O/9umEDUtA4mQ/FZkik=
-19,22,/FIc4e0dzsSjLE/FB6v8at4Y5lU=,9SZhj1fCZsdGY5H2LIGi9Sub0CY=
-18,21,/FIc4e0dzsSjLE/FB6v8at4Y5lU=,eLCIG3I2O/9umEDUtA4mQ/FZkik=
-19,21,/FIc4e0dzsSjLE/FB6v8at4Y5lU=,PfbKf69V4PZUliWpnFka1TvPobg=
-19,16,/FIc4e0dzsSjLE/FB6v8at4Y5lU=,lE+6+alJ+pQ1wKjcMzWzRmMokqg=
-17,16,/FIc4e0dzsSjLE/FB6v8at4Y5lU=,uy5ITuB/ejGAjHSVGUSF1y/de0I=
-19,17,9er1n600bdrwF7bgez0AGAFBv/c=,lE+6+alJ+pQ1wKjcMzWzRmMokqg=
-18,16,/FIc4e0dzsSjLE/FB6v8at4Y5lU=,uy5ITuB/ejGAjHSVGUSF1y/de0I=
-17,19,/FIc4e0dzsSjLE/FB6v8at4Y5lU=,a+vB1jHoDf8EDan4cU7wHYSV480=
-17,20,/FIc4e0dzsSjLE/FB6v8at4Y5lU=,eLCIG3I2O/9umEDUtA4mQ/FZkik=
-19,19,/FIc4e0dzsSjLE/FB6v8at4Y5lU=,atVURPGkmBYPF51KsjJ/ozLf4Wg=
-18,19,/FIc4e0dzsSjLE/FB6v8at4Y5lU=,a+vB1jHoDf8EDan4cU7wHYSV480=
-18,20,/FIc4e0dzsSjLE/FB6v8at4Y5lU=,eLCIG3I2O/9umEDUtA4mQ/FZkik=
-17,17,/FIc4e0dzsSjLE/FB6v8at4Y5lU=,uy5ITuB/ejGAjHSVGUSF1y/de0I=
-18,17,9er1n600bdrwF7bgez0AGAFBv/c=,uy5ITuB/ejGAjHSVGUSF1y/de0I=
-18,18,9er1n600bdrwF7bgez0AGAFBv/c=,a+vB1jHoDf8EDan4cU7wHYSV480=
-19,20,/FIc4e0dzsSjLE/FB6v8at4Y5lU=,PfbKf69V4PZUliWpnFka1TvPobg=
-19,18,9er1n600bdrwF7bgez0AGAFBv/c=,atVURPGkmBYPF51KsjJ/ozLf4Wg=
-17,18,/FIc4e0dzsSjLE/FB6v8at4Y5lU=,a+vB1jHoDf8EDan4cU7wHYSV480=
-21,26,/FIc4e0dzsSjLE/FB6v8at4Y5lU=,HiF2Oy6dxyTopSuGgrIj5gmy+OQ=
-21,25,/FIc4e0dzsSjLE/FB6v8at4Y5lU=,HLDCtsyfM+36O89TqzH0p04eG7Y=
-20,25,/FIc4e0dzsSjLE/FB6v8at4Y5lU=,ZFV6NnBBevCY+FyAnbOVhkc+//0=
-20,26,/FIc4e0dzsSjLE/FB6v8at4Y5lU=,naJKXuNHz76iQsNRqeQLMhSaOSU=
-22,26,/FIc4e0dzsSjLE/FB6v8at4Y5lU=,HiF2Oy6dxyTopSuGgrIj5gmy+OQ=
-23,25,/FIc4e0dzsSjLE/FB6v8at4Y5lU=,6+VfAFAnOwao81gk802EUM5I1WM=
-22,25,/FIc4e0dzsSjLE/FB6v8at4Y5lU=,HLDCtsyfM+36O89TqzH0p04eG7Y=
-19,30,/FIc4e0dzsSjLE/FB6v8at4Y5lU=,jVfw0xVgfcbyhEEp1C0IYmMi5p4=
-19,29,/FIc4e0dzsSjLE/FB6v8at4Y5lU=,Ux3M10ETKpnM8nDlbAZBI//isbc=
-20,28,/FIc4e0dzsSjLE/FB6v8at4Y5lU=,Ux3M10ETKpnM8nDlbAZBI//isbc=
-22,27,/FIc4e0dzsSjLE/FB6v8at4Y5lU=,HiF2Oy6dxyTopSuGgrIj5gmy+OQ=
-22,28,/FIc4e0dzsSjLE/FB6v8at4Y5lU=,VPAw9js9/uuO+NqheWMMjxOsTlk=
-20,27,/FIc4e0dzsSjLE/FB6v8at4Y5lU=,naJKXuNHz76iQsNRqeQLMhSaOSU=
-22,18,/FIc4e0dzsSjLE/FB6v8at4Y5lU=,siraozFL4Y3vLkpDWkI0kaBBAFk=
-22,17,/FIc4e0dzsSjLE/FB6v8at4Y5lU=,wEDbXTzk1xSgLiQjGblGMtMiyh0=
-19,27,/FIc4e0dzsSjLE/FB6v8at4Y5lU=,naJKXuNHz76iQsNRqeQLMhSaOSU=
-19,28,/FIc4e0dzsSjLE/FB6v8at4Y5lU=,Ux3M10ETKpnM8nDlbAZBI//isbc=
-19,23,/FIc4e0dzsSjLE/FB6v8at4Y5lU=,9SZhj1fCZsdGY5H2LIGi9Sub0CY=
-19,26,/FIc4e0dzsSjLE/FB6v8at4Y5lU=,naJKXuNHz76iQsNRqeQLMhSaOSU=
-19,24,/FIc4e0dzsSjLE/FB6v8at4Y5lU=,ZFV6NnBBevCY+FyAnbOVhkc+//0=
-19,25,/FIc4e0dzsSjLE/FB6v8at4Y5lU=,ZFV6NnBBevCY+FyAnbOVhkc+//0=
-19,31,/FIc4e0dzsSjLE/FB6v8at4Y5lU=,jVfw0xVgfcbyhEEp1C0IYmMi5p4=
-24,25,/FIc4e0dzsSjLE/FB6v8at4Y5lU=,6+VfAFAnOwao81gk802EUM5I1WM=
-22,16,/FIc4e0dzsSjLE/FB6v8at4Y5lU=,wEDbXTzk1xSgLiQjGblGMtMiyh0=
-21,27,/FIc4e0dzsSjLE/FB6v8at4Y5lU=,HiF2Oy6dxyTopSuGgrIj5gmy+OQ=
-21,28,/FIc4e0dzsSjLE/FB6v8at4Y5lU=,VPAw9js9/uuO+NqheWMMjxOsTlk=
-22,19,/FIc4e0dzsSjLE/FB6v8at4Y5lU=,siraozFL4Y3vLkpDWkI0kaBBAFk=
-22,20,/FIc4e0dzsSjLE/FB6v8at4Y5lU=,KRgjC+X4CMjhFiDSU6Tt1Jnmme4=
-23,20,/FIc4e0dzsSjLE/FB6v8at4Y5lU=,NO8283I8ZacALWq1hwgEwBVoNSM=
-24,20,/FIc4e0dzsSjLE/FB6v8at4Y5lU=,NO8283I8ZacALWq1hwgEwBVoNSM=
-23,22,/FIc4e0dzsSjLE/FB6v8at4Y5lU=,XpDRx59EP+LEMr/1ZRhwhg5D2KM=
-24,23,/FIc4e0dzsSjLE/FB6v8at4Y5lU=,XpDRx59EP+LEMr/1ZRhwhg5D2KM=
-24,21,/FIc4e0dzsSjLE/FB6v8at4Y5lU=,NO8283I8ZacALWq1hwgEwBVoNSM=
-24,22,/FIc4e0dzsSjLE/FB6v8at4Y5lU=,XpDRx59EP+LEMr/1ZRhwhg5D2KM=
-23,24,/FIc4e0dzsSjLE/FB6v8at4Y5lU=,6+VfAFAnOwao81gk802EUM5I1WM=
-23,23,/FIc4e0dzsSjLE/FB6v8at4Y5lU=,XpDRx59EP+LEMr/1ZRhwhg5D2KM=
-24,24,/FIc4e0dzsSjLE/FB6v8at4Y5lU=,6+VfAFAnOwao81gk802EUM5I1WM=
-22,21,/FIc4e0dzsSjLE/FB6v8at4Y5lU=,KRgjC+X4CMjhFiDSU6Tt1Jnmme4=
-23,21,/FIc4e0dzsSjLE/FB6v8at4Y5lU=,NO8283I8ZacALWq1hwgEwBVoNSM=
-22,22,/FIc4e0dzsSjLE/FB6v8at4Y5lU=,7f/OGrCuyUgyoUHgipxaKTqX8VE=
-22,24,/FIc4e0dzsSjLE/FB6v8at4Y5lU=,HLDCtsyfM+36O89TqzH0p04eG7Y=
-22,23,/FIc4e0dzsSjLE/FB6v8at4Y5lU=,7f/OGrCuyUgyoUHgipxaKTqX8VE=
-22,29,/FIc4e0dzsSjLE/FB6v8at4Y5lU=,VPAw9js9/uuO+NqheWMMjxOsTlk=
-20,29,/FIc4e0dzsSjLE/FB6v8at4Y5lU=,Ux3M10ETKpnM8nDlbAZBI//isbc=
-21,29,/FIc4e0dzsSjLE/FB6v8at4Y5lU=,VPAw9js9/uuO+NqheWMMjxOsTlk=
-22,31,/FIc4e0dzsSjLE/FB6v8at4Y5lU=,l6OBmmuRwnTUumYR81DEFamBslY=
-21,30,/FIc4e0dzsSjLE/FB6v8at4Y5lU=,l6OBmmuRwnTUumYR81DEFamBslY=
-20,30,/FIc4e0dzsSjLE/FB6v8at4Y5lU=,jVfw0xVgfcbyhEEp1C0IYmMi5p4=
-20,31,/FIc4e0dzsSjLE/FB6v8at4Y5lU=,jVfw0xVgfcbyhEEp1C0IYmMi5p4=
-21,31,/FIc4e0dzsSjLE/FB6v8at4Y5lU=,l6OBmmuRwnTUumYR81DEFamBslY=
-22,30,/FIc4e0dzsSjLE/FB6v8at4Y5lU=,l6OBmmuRwnTUumYR81DEFamBslY=
-19,10,6hFFAjUs9He83WnvCLBZAvMjGqE=,Kvm8LLRQyqDOBbptIpwWN9HZbYQ=
-18,9,6hFFAjUs9He83WnvCLBZAvMjGqE=,pZdfXCKOZiYv0/tVjusH1s5u1Ts=
-18,10,6hFFAjUs9He83WnvCLBZAvMjGqE=,/yE8cfBl7jxD73nYCACwCjLHK6w=
-19,12,6hFFAjUs9He83WnvCLBZAvMjGqE=,5fXfA0XvONfmRq7hTYYM5PUxjb8=
-19,11,6hFFAjUs9He83WnvCLBZAvMjGqE=,Kvm8LLRQyqDOBbptIpwWN9HZbYQ=
-20,15,6hFFAjUs9He83WnvCLBZAvMjGqE=,46ABuA3vkKyD2HW28goyRv1jPik=
-18,8,6hFFAjUs9He83WnvCLBZAvMjGqE=,pZdfXCKOZiYv0/tVjusH1s5u1Ts=
-18,7,6hFFAjUs9He83WnvCLBZAvMjGqE=,xbKEIZAVlukj57C6UDNrH2bcYJ8=
-18,11,6hFFAjUs9He83WnvCLBZAvMjGqE=,/yE8cfBl7jxD73nYCACwCjLHK6w=
-20,13,6hFFAjUs9He83WnvCLBZAvMjGqE=,5fXfA0XvONfmRq7hTYYM5PUxjb8=
-18,12,6hFFAjUs9He83WnvCLBZAvMjGqE=,3rK4LI6aEmjDR0yf5J9YmbC5tOQ=
-17,2,6hFFAjUs9He83WnvCLBZAvMjGqE=,zqJXbueBioFVZSIJ3SdAoU7+PSA=
-20,12,6hFFAjUs9He83WnvCLBZAvMjGqE=,5fXfA0XvONfmRq7hTYYM5PUxjb8=
-20,11,6hFFAjUs9He83WnvCLBZAvMjGqE=,Kvm8LLRQyqDOBbptIpwWN9HZbYQ=
-20,10,6hFFAjUs9He83WnvCLBZAvMjGqE=,Kvm8LLRQyqDOBbptIpwWN9HZbYQ=
-18,2,6hFFAjUs9He83WnvCLBZAvMjGqE=,zqJXbueBioFVZSIJ3SdAoU7+PSA=
-17,12,6hFFAjUs9He83WnvCLBZAvMjGqE=,3rK4LI6aEmjDR0yf5J9YmbC5tOQ=
-20,14,6hFFAjUs9He83WnvCLBZAvMjGqE=,46ABuA3vkKyD2HW28goyRv1jPik=
-17,8,6hFFAjUs9He83WnvCLBZAvMjGqE=,pZdfXCKOZiYv0/tVjusH1s5u1Ts=
-17,10,6hFFAjUs9He83WnvCLBZAvMjGqE=,/yE8cfBl7jxD73nYCACwCjLHK6w=
-17,7,6hFFAjUs9He83WnvCLBZAvMjGqE=,xbKEIZAVlukj57C6UDNrH2bcYJ8=
-17,9,6hFFAjUs9He83WnvCLBZAvMjGqE=,pZdfXCKOZiYv0/tVjusH1s5u1Ts=
-17,11,6hFFAjUs9He83WnvCLBZAvMjGqE=,/yE8cfBl7jxD73nYCACwCjLHK6w=
-18,6,6hFFAjUs9He83WnvCLBZAvMjGqE=,xbKEIZAVlukj57C6UDNrH2bcYJ8=
-18,4,6hFFAjUs9He83WnvCLBZAvMjGqE=,lY0o/SBWQmn2xMNkvtk6FCY626I=
-17,4,6hFFAjUs9He83WnvCLBZAvMjGqE=,lY0o/SBWQmn2xMNkvtk6FCY626I=
-18,3,6hFFAjUs9He83WnvCLBZAvMjGqE=,zqJXbueBioFVZSIJ3SdAoU7+PSA=
-18,5,6hFFAjUs9He83WnvCLBZAvMjGqE=,lY0o/SBWQmn2xMNkvtk6FCY626I=
-17,3,6hFFAjUs9He83WnvCLBZAvMjGqE=,zqJXbueBioFVZSIJ3SdAoU7+PSA=
-17,5,6hFFAjUs9He83WnvCLBZAvMjGqE=,lY0o/SBWQmn2xMNkvtk6FCY626I=
-17,6,6hFFAjUs9He83WnvCLBZAvMjGqE=,xbKEIZAVlukj57C6UDNrH2bcYJ8=
-19,14,6hFFAjUs9He83WnvCLBZAvMjGqE=,46ABuA3vkKyD2HW28goyRv1jPik=
-19,13,6hFFAjUs9He83WnvCLBZAvMjGqE=,5fXfA0XvONfmRq7hTYYM5PUxjb8=
-19,15,6hFFAjUs9He83WnvCLBZAvMjGqE=,46ABuA3vkKyD2HW28goyRv1jPik=
-17,14,6hFFAjUs9He83WnvCLBZAvMjGqE=,ueCcPOTBIoUX3yDJCHKltXoqGjM=
-18,13,6hFFAjUs9He83WnvCLBZAvMjGqE=,3rK4LI6aEmjDR0yf5J9YmbC5tOQ=
-18,14,6hFFAjUs9He83WnvCLBZAvMjGqE=,ueCcPOTBIoUX3yDJCHKltXoqGjM=
-17,13,6hFFAjUs9He83WnvCLBZAvMjGqE=,3rK4LI6aEmjDR0yf5J9YmbC5tOQ=
-18,15,6hFFAjUs9He83WnvCLBZAvMjGqE=,ueCcPOTBIoUX3yDJCHKltXoqGjM=
-17,15,6hFFAjUs9He83WnvCLBZAvMjGqE=,ueCcPOTBIoUX3yDJCHKltXoqGjM=
-6,30,+bvhWaJhXRbDEZ0+hmQtPUdS1mo=,C2Gn79BcB1w79FxvhcIbHKshgjI=
-7,29,+bvhWaJhXRbDEZ0+hmQtPUdS1mo=,PebGyr1weVnz2aZ7YpIlTIGGE1s=
-7,30,+bvhWaJhXRbDEZ0+hmQtPUdS1mo=,/oCfnEcGO8u1CsPWhBAoTDKM6gQ=
-6,29,+bvhWaJhXRbDEZ0+hmQtPUdS1mo=,naG/KQIEgBgCmweSn8uMbWhiMR8=
-7,28,+bvhWaJhXRbDEZ0+hmQtPUdS1mo=,PebGyr1weVnz2aZ7YpIlTIGGE1s=
-6,27,+bvhWaJhXRbDEZ0+hmQtPUdS1mo=,3EtK52HlVxnfQJoIUT74gjFLHBo=
-7,27,+bvhWaJhXRbDEZ0+hmQtPUdS1mo=,Y9R5LjiCrFA4VyU8Lxa/u46/4ZY=
-6,28,+bvhWaJhXRbDEZ0+hmQtPUdS1mo=,naG/KQIEgBgCmweSn8uMbWhiMR8=
-4,28,+bvhWaJhXRbDEZ0+hmQtPUdS1mo=,3Ovdpe83Ne6z1iI5f1EnX0L9OtI=
-4,27,+bvhWaJhXRbDEZ0+hmQtPUdS1mo=,d2vMSqod1kuJchEUiXUQWxKdKLg=
-5,27,+bvhWaJhXRbDEZ0+hmQtPUdS1mo=,3EtK52HlVxnfQJoIUT74gjFLHBo=
-5,28,+bvhWaJhXRbDEZ0+hmQtPUdS1mo=,naG/KQIEgBgCmweSn8uMbWhiMR8=
-4,25,+bvhWaJhXRbDEZ0+hmQtPUdS1mo=,Qp8W7uRejMmLA3KzDgbQdYDrfBc=
-5,25,+bvhWaJhXRbDEZ0+hmQtPUdS1mo=,nitzfEX6kdSkSSDX+KVzCk2mGJI=
-5,26,+bvhWaJhXRbDEZ0+hmQtPUdS1mo=,3EtK52HlVxnfQJoIUT74gjFLHBo=
-4,26,+bvhWaJhXRbDEZ0+hmQtPUdS1mo=,d2vMSqod1kuJchEUiXUQWxKdKLg=
-3,28,+bvhWaJhXRbDEZ0+hmQtPUdS1mo=,3Ovdpe83Ne6z1iI5f1EnX0L9OtI=
-2,27,+bvhWaJhXRbDEZ0+hmQtPUdS1mo=,k+zfxBtQ5owp7lHW/MdwuMNPx+g=
-3,27,+bvhWaJhXRbDEZ0+hmQtPUdS1mo=,d2vMSqod1kuJchEUiXUQWxKdKLg=
-1,26,+bvhWaJhXRbDEZ0+hmQtPUdS1mo=,k+zfxBtQ5owp7lHW/MdwuMNPx+g=
-3,25,+bvhWaJhXRbDEZ0+hmQtPUdS1mo=,Qp8W7uRejMmLA3KzDgbQdYDrfBc=
-2,22,+bvhWaJhXRbDEZ0+hmQtPUdS1mo=,mOGryAR+Q0610v98/DTdHDaqrvA=
-1,20,+bvhWaJhXRbDEZ0+hmQtPUdS1mo=,Cc/6jMqPIla2VNDDo4piHNQCs1Y=
-2,20,+bvhWaJhXRbDEZ0+hmQtPUdS1mo=,Cc/6jMqPIla2VNDDo4piHNQCs1Y=
-2,19,+bvhWaJhXRbDEZ0+hmQtPUdS1mo=,FuZ1xZtFfz6Dw8H2TJEtYCoqiDA=
-1,19,+bvhWaJhXRbDEZ0+hmQtPUdS1mo=,FuZ1xZtFfz6Dw8H2TJEtYCoqiDA=
-1,21,+bvhWaJhXRbDEZ0+hmQtPUdS1mo=,Cc/6jMqPIla2VNDDo4piHNQCs1Y=
-1,24,+bvhWaJhXRbDEZ0+hmQtPUdS1mo=,cEzo8yVZXeJOg81qUal6F/ZrNss=
-3,23,+bvhWaJhXRbDEZ0+hmQtPUdS1mo=,ucSemztN0Z800IpEYWLWF87LlzQ=
-2,21,+bvhWaJhXRbDEZ0+hmQtPUdS1mo=,Cc/6jMqPIla2VNDDo4piHNQCs1Y=
-3,24,+bvhWaJhXRbDEZ0+hmQtPUdS1mo=,Qp8W7uRejMmLA3KzDgbQdYDrfBc=
-3,22,+bvhWaJhXRbDEZ0+hmQtPUdS1mo=,ucSemztN0Z800IpEYWLWF87LlzQ=
-3,29,+bvhWaJhXRbDEZ0+hmQtPUdS1mo=,3Ovdpe83Ne6z1iI5f1EnX0L9OtI=
-2,25,+bvhWaJhXRbDEZ0+hmQtPUdS1mo=,cEzo8yVZXeJOg81qUal6F/ZrNss=
-2,23,+bvhWaJhXRbDEZ0+hmQtPUdS1mo=,mOGryAR+Q0610v98/DTdHDaqrvA=
-4,29,+bvhWaJhXRbDEZ0+hmQtPUdS1mo=,3Ovdpe83Ne6z1iI5f1EnX0L9OtI=
-4,24,+bvhWaJhXRbDEZ0+hmQtPUdS1mo=,Qp8W7uRejMmLA3KzDgbQdYDrfBc=
-5,24,+bvhWaJhXRbDEZ0+hmQtPUdS1mo=,nitzfEX6kdSkSSDX+KVzCk2mGJI=
-4,23,+bvhWaJhXRbDEZ0+hmQtPUdS1mo=,ucSemztN0Z800IpEYWLWF87LlzQ=
-1,22,+bvhWaJhXRbDEZ0+hmQtPUdS1mo=,mOGryAR+Q0610v98/DTdHDaqrvA=
-5,29,+bvhWaJhXRbDEZ0+hmQtPUdS1mo=,naG/KQIEgBgCmweSn8uMbWhiMR8=
-3,26,+bvhWaJhXRbDEZ0+hmQtPUdS1mo=,d2vMSqod1kuJchEUiXUQWxKdKLg=
-5,30,+bvhWaJhXRbDEZ0+hmQtPUdS1mo=,C2Gn79BcB1w79FxvhcIbHKshgjI=
-2,24,+bvhWaJhXRbDEZ0+hmQtPUdS1mo=,cEzo8yVZXeJOg81qUal6F/ZrNss=
-1,25,+bvhWaJhXRbDEZ0+hmQtPUdS1mo=,cEzo8yVZXeJOg81qUal6F/ZrNss=
-1,23,+bvhWaJhXRbDEZ0+hmQtPUdS1mo=,mOGryAR+Q0610v98/DTdHDaqrvA=
-2,26,+bvhWaJhXRbDEZ0+hmQtPUdS1mo=,k+zfxBtQ5owp7lHW/MdwuMNPx+g=
-6,24,+bvhWaJhXRbDEZ0+hmQtPUdS1mo=,nitzfEX6kdSkSSDX+KVzCk2mGJI=
-8,26,+bvhWaJhXRbDEZ0+hmQtPUdS1mo=,Y9R5LjiCrFA4VyU8Lxa/u46/4ZY=
-8,25,+bvhWaJhXRbDEZ0+hmQtPUdS1mo=,xtEii19rNrLXiJeWe+oNK+jkE44=
-7,25,+bvhWaJhXRbDEZ0+hmQtPUdS1mo=,xtEii19rNrLXiJeWe+oNK+jkE44=
-6,25,+bvhWaJhXRbDEZ0+hmQtPUdS1mo=,nitzfEX6kdSkSSDX+KVzCk2mGJI=
-5,31,+bvhWaJhXRbDEZ0+hmQtPUdS1mo=,C2Gn79BcB1w79FxvhcIbHKshgjI=
-7,24,+bvhWaJhXRbDEZ0+hmQtPUdS1mo=,xtEii19rNrLXiJeWe+oNK+jkE44=
-8,27,+bvhWaJhXRbDEZ0+hmQtPUdS1mo=,Y9R5LjiCrFA4VyU8Lxa/u46/4ZY=
-10,28,+bvhWaJhXRbDEZ0+hmQtPUdS1mo=,OGVemmEpGGz492hRbUnXINnbBMM=
-8,24,+bvhWaJhXRbDEZ0+hmQtPUdS1mo=,xtEii19rNrLXiJeWe+oNK+jkE44=
-1,27,+bvhWaJhXRbDEZ0+hmQtPUdS1mo=,k+zfxBtQ5owp7lHW/MdwuMNPx+g=
-8,28,+bvhWaJhXRbDEZ0+hmQtPUdS1mo=,PebGyr1weVnz2aZ7YpIlTIGGE1s=
-9,28,+bvhWaJhXRbDEZ0+hmQtPUdS1mo=,OGVemmEpGGz492hRbUnXINnbBMM=
-7,26,+bvhWaJhXRbDEZ0+hmQtPUdS1mo=,Y9R5LjiCrFA4VyU8Lxa/u46/4ZY=
-7,31,+bvhWaJhXRbDEZ0+hmQtPUdS1mo=,/oCfnEcGO8u1CsPWhBAoTDKM6gQ=
-6,26,+bvhWaJhXRbDEZ0+hmQtPUdS1mo=,3EtK52HlVxnfQJoIUT74gjFLHBo=
-6,31,+bvhWaJhXRbDEZ0+hmQtPUdS1mo=,C2Gn79BcB1w79FxvhcIbHKshgjI=
-9,29,+bvhWaJhXRbDEZ0+hmQtPUdS1mo=,OGVemmEpGGz492hRbUnXINnbBMM=
-10,30,+bvhWaJhXRbDEZ0+hmQtPUdS1mo=,xrjxtMnCgwNnyO3U+uPspQ3+OgY=
-10,31,+bvhWaJhXRbDEZ0+hmQtPUdS1mo=,xrjxtMnCgwNnyO3U+uPspQ3+OgY=
-9,31,+bvhWaJhXRbDEZ0+hmQtPUdS1mo=,xrjxtMnCgwNnyO3U+uPspQ3+OgY=
-10,29,+bvhWaJhXRbDEZ0+hmQtPUdS1mo=,OGVemmEpGGz492hRbUnXINnbBMM=
-9,30,+bvhWaJhXRbDEZ0+hmQtPUdS1mo=,xrjxtMnCgwNnyO3U+uPspQ3+OgY=
-8,31,+bvhWaJhXRbDEZ0+hmQtPUdS1mo=,/oCfnEcGO8u1CsPWhBAoTDKM6gQ=
-8,29,+bvhWaJhXRbDEZ0+hmQtPUdS1mo=,PebGyr1weVnz2aZ7YpIlTIGGE1s=
-8,30,+bvhWaJhXRbDEZ0+hmQtPUdS1mo=,/oCfnEcGO8u1CsPWhBAoTDKM6gQ=
-2,16,+bvhWaJhXRbDEZ0+hmQtPUdS1mo=,TGAarnM5LBZrBWxPKLUeII8C2FY=
-1,18,+bvhWaJhXRbDEZ0+hmQtPUdS1mo=,FuZ1xZtFfz6Dw8H2TJEtYCoqiDA=
-1,17,+bvhWaJhXRbDEZ0+hmQtPUdS1mo=,TGAarnM5LBZrBWxPKLUeII8C2FY=
-1,16,+bvhWaJhXRbDEZ0+hmQtPUdS1mo=,TGAarnM5LBZrBWxPKLUeII8C2FY=
-2,18,+bvhWaJhXRbDEZ0+hmQtPUdS1mo=,FuZ1xZtFfz6Dw8H2TJEtYCoqiDA=
-2,17,+bvhWaJhXRbDEZ0+hmQtPUdS1mo=,TGAarnM5LBZrBWxPKLUeII8C2FY=
-16,21,+bvhWaJhXRbDEZ0+hmQtPUdS1mo=,PUWUbboFf6iZEjc3Q8O9OrQhMoU=
-11,17,+bvhWaJhXRbDEZ0+hmQtPUdS1mo=,4K+yvCJiKwH+4cCWAlW5XqC5nCU=
-13,19,+bvhWaJhXRbDEZ0+hmQtPUdS1mo=,kJw6NUTVA3uQmbO5XVfSe6zFwIE=
-4,22,+bvhWaJhXRbDEZ0+hmQtPUdS1mo=,ucSemztN0Z800IpEYWLWF87LlzQ=
-15,21,+bvhWaJhXRbDEZ0+hmQtPUdS1mo=,PUWUbboFf6iZEjc3Q8O9OrQhMoU=
-16,16,+bvhWaJhXRbDEZ0+hmQtPUdS1mo=,CJ3BSKb2jFZMhv3ZtpYl5/YQf44=
-11,16,+bvhWaJhXRbDEZ0+hmQtPUdS1mo=,4K+yvCJiKwH+4cCWAlW5XqC5nCU=
-13,18,+bvhWaJhXRbDEZ0+hmQtPUdS1mo=,kJw6NUTVA3uQmbO5XVfSe6zFwIE=
-15,16,+bvhWaJhXRbDEZ0+hmQtPUdS1mo=,CJ3BSKb2jFZMhv3ZtpYl5/YQf44=
-12,17,+bvhWaJhXRbDEZ0+hmQtPUdS1mo=,4K+yvCJiKwH+4cCWAlW5XqC5nCU=
-12,16,+bvhWaJhXRbDEZ0+hmQtPUdS1mo=,4K+yvCJiKwH+4cCWAlW5XqC5nCU=
-15,20,+bvhWaJhXRbDEZ0+hmQtPUdS1mo=,PUWUbboFf6iZEjc3Q8O9OrQhMoU=
-16,20,+bvhWaJhXRbDEZ0+hmQtPUdS1mo=,PUWUbboFf6iZEjc3Q8O9OrQhMoU=
-16,17,+bvhWaJhXRbDEZ0+hmQtPUdS1mo=,CJ3BSKb2jFZMhv3ZtpYl5/YQf44=
-14,19,+bvhWaJhXRbDEZ0+hmQtPUdS1mo=,kJw6NUTVA3uQmbO5XVfSe6zFwIE=
-15,17,+bvhWaJhXRbDEZ0+hmQtPUdS1mo=,CJ3BSKb2jFZMhv3ZtpYl5/YQf44=
-16,19,+bvhWaJhXRbDEZ0+hmQtPUdS1mo=,CJ3BSKb2jFZMhv3ZtpYl5/YQf44=
-16,18,+bvhWaJhXRbDEZ0+hmQtPUdS1mo=,CJ3BSKb2jFZMhv3ZtpYl5/YQf44=
-14,18,+bvhWaJhXRbDEZ0+hmQtPUdS1mo=,kJw6NUTVA3uQmbO5XVfSe6zFwIE=
-14,16,+bvhWaJhXRbDEZ0+hmQtPUdS1mo=,ganis3+2iLHZWDvcPrAQGcehE98=
-15,18,+bvhWaJhXRbDEZ0+hmQtPUdS1mo=,CJ3BSKb2jFZMhv3ZtpYl5/YQf44=
-13,16,+bvhWaJhXRbDEZ0+hmQtPUdS1mo=,ganis3+2iLHZWDvcPrAQGcehE98=
-15,19,+bvhWaJhXRbDEZ0+hmQtPUdS1mo=,CJ3BSKb2jFZMhv3ZtpYl5/YQf44=
-13,17,+bvhWaJhXRbDEZ0+hmQtPUdS1mo=,ganis3+2iLHZWDvcPrAQGcehE98=
-14,17,+bvhWaJhXRbDEZ0+hmQtPUdS1mo=,ganis3+2iLHZWDvcPrAQGcehE98=
-3,8,+bvhWaJhXRbDEZ0+hmQtPUdS1mo=,rCVqwCvfb8yR4XIzhTuPrMT/6YQ=
-2,7,+bvhWaJhXRbDEZ0+hmQtPUdS1mo=,0ir2XyAZHO+uWrLy+eoHbbcz5KE=
-3,7,+bvhWaJhXRbDEZ0+hmQtPUdS1mo=,35zWq6jKoxqpABiOonI6Da1rmIE=
-2,8,+bvhWaJhXRbDEZ0+hmQtPUdS1mo=,hgF0shbbihraBQ92RPKuM5Nwzj8=
-4,4,+bvhWaJhXRbDEZ0+hmQtPUdS1mo=,F7im4Z+fVbWdy08Vo8enWnua6L4=
-5,4,+bvhWaJhXRbDEZ0+hmQtPUdS1mo=,gUBMf9zgapwPE02+VJSahNKLQRo=
-5,3,+bvhWaJhXRbDEZ0+hmQtPUdS1mo=,EGD8YhfdgZqbRv23bZnoHKb8Oc8=
-4,3,+bvhWaJhXRbDEZ0+hmQtPUdS1mo=,R2cgRum0kOAwR3y0DTOUuU8IwWk=
-5,2,v0J4T6hR+TqH6Alxy6E6TX+Ev2Q=,EGD8YhfdgZqbRv23bZnoHKb8Oc8=
-4,1,v0J4T6hR+TqH6Alxy6E6TX+Ev2Q=,+1gIW796htzq5og1uO5qvqgdrLY=
-5,1,v0J4T6hR+TqH6Alxy6E6TX+Ev2Q=,W9IA7EoQI00dkN98Xodg8Mf9ATg=
-2,2,v0J4T6hR+TqH6Alxy6E6TX+Ev2Q=,Cc/6jMqPIla2VNDDo4piHNQCs1Y=
-4,2,v0J4T6hR+TqH6Alxy6E6TX+Ev2Q=,R2cgRum0kOAwR3y0DTOUuU8IwWk=
-3,1,v0J4T6hR+TqH6Alxy6E6TX+Ev2Q=,+1gIW796htzq5og1uO5qvqgdrLY=
-3,2,v0J4T6hR+TqH6Alxy6E6TX+Ev2Q=,R2cgRum0kOAwR3y0DTOUuU8IwWk=
-2,1,v0J4T6hR+TqH6Alxy6E6TX+Ev2Q=,48w2sigR+k76Tj/IR1sabCHz7aY=
-2,4,+bvhWaJhXRbDEZ0+hmQtPUdS1mo=,8MYw44pi9dycO/CvRxD/Y2UVFXQ=
-3,4,+bvhWaJhXRbDEZ0+hmQtPUdS1mo=,F7im4Z+fVbWdy08Vo8enWnua6L4=
-2,3,+bvhWaJhXRbDEZ0+hmQtPUdS1mo=,Cc/6jMqPIla2VNDDo4piHNQCs1Y=
-3,5,+bvhWaJhXRbDEZ0+hmQtPUdS1mo=,F7im4Z+fVbWdy08Vo8enWnua6L4=
-2,5,+bvhWaJhXRbDEZ0+hmQtPUdS1mo=,8MYw44pi9dycO/CvRxD/Y2UVFXQ=
-3,6,+bvhWaJhXRbDEZ0+hmQtPUdS1mo=,35zWq6jKoxqpABiOonI6Da1rmIE=
-3,3,+bvhWaJhXRbDEZ0+hmQtPUdS1mo=,R2cgRum0kOAwR3y0DTOUuU8IwWk=
-2,6,+bvhWaJhXRbDEZ0+hmQtPUdS1mo=,0ir2XyAZHO+uWrLy+eoHbbcz5KE=
-6,2,+bvhWaJhXRbDEZ0+hmQtPUdS1mo=,EGD8YhfdgZqbRv23bZnoHKb8Oc8=
-6,1,+bvhWaJhXRbDEZ0+hmQtPUdS1mo=,W9IA7EoQI00dkN98Xodg8Mf9ATg=
-7,2,+bvhWaJhXRbDEZ0+hmQtPUdS1mo=,ru9ESksx1cRxhRPqiS61/bCR0CU=
-7,1,+bvhWaJhXRbDEZ0+hmQtPUdS1mo=,OXwvQn65h/zYFXLIckC+9IwKVDA=
-8,1,+bvhWaJhXRbDEZ0+hmQtPUdS1mo=,OXwvQn65h/zYFXLIckC+9IwKVDA=
-8,2,+bvhWaJhXRbDEZ0+hmQtPUdS1mo=,ru9ESksx1cRxhRPqiS61/bCR0CU=
-9,2,+bvhWaJhXRbDEZ0+hmQtPUdS1mo=,/G8JKDGfhsX/1HEOJ1eneF9KYPc=
-9,1,+bvhWaJhXRbDEZ0+hmQtPUdS1mo=,FFH6wbz8LR/Snpl73D/N7TsaXRE=
-10,2,+bvhWaJhXRbDEZ0+hmQtPUdS1mo=,/G8JKDGfhsX/1HEOJ1eneF9KYPc=
-11,1,+bvhWaJhXRbDEZ0+hmQtPUdS1mo=,oEQkErCRoYEMQB9DHMeWQArTw/I=
-10,1,+bvhWaJhXRbDEZ0+hmQtPUdS1mo=,FFH6wbz8LR/Snpl73D/N7TsaXRE=
-11,2,+bvhWaJhXRbDEZ0+hmQtPUdS1mo=,i3+OeO255mrJOrdZA8lfBt5uYIA=
-12,4,v0J4T6hR+TqH6Alxy6E6TX+Ev2Q=,dfBYDv8nHrOthoQFZ+zui0yZDnA=
-12,3,v0J4T6hR+TqH6Alxy6E6TX+Ev2Q=,i3+OeO255mrJOrdZA8lfBt5uYIA=
-13,4,v0J4T6hR+TqH6Alxy6E6TX+Ev2Q=,SLs7/bq/EDJyKY/Rq4y8MTLubO4=
-13,3,v0J4T6hR+TqH6Alxy6E6TX+Ev2Q=,ganis3+2iLHZWDvcPrAQGcehE98=
-13,2,+bvhWaJhXRbDEZ0+hmQtPUdS1mo=,ganis3+2iLHZWDvcPrAQGcehE98=
-13,1,+bvhWaJhXRbDEZ0+hmQtPUdS1mo=,sKyjaPuzlzEiFOOYJIcFwrUzxNc=
-12,2,+bvhWaJhXRbDEZ0+hmQtPUdS1mo=,i3+OeO255mrJOrdZA8lfBt5uYIA=
-12,1,+bvhWaJhXRbDEZ0+hmQtPUdS1mo=,oEQkErCRoYEMQB9DHMeWQArTw/I=
-14,3,v0J4T6hR+TqH6Alxy6E6TX+Ev2Q=,ganis3+2iLHZWDvcPrAQGcehE98=
-14,4,v0J4T6hR+TqH6Alxy6E6TX+Ev2Q=,SLs7/bq/EDJyKY/Rq4y8MTLubO4=
-15,4,v0J4T6hR+TqH6Alxy6E6TX+Ev2Q=,xjRjKbnQLZ69HHv0xRabshs8mG8=
-15,3,v0J4T6hR+TqH6Alxy6E6TX+Ev2Q=,TCMdDhy0mXrPPgyUs6sW/A1XMCg=
-15,2,+bvhWaJhXRbDEZ0+hmQtPUdS1mo=,TCMdDhy0mXrPPgyUs6sW/A1XMCg=
-15,1,+bvhWaJhXRbDEZ0+hmQtPUdS1mo=,Nw0A0f+gG2D5Avg4WBubWE1LBZE=
-14,1,+bvhWaJhXRbDEZ0+hmQtPUdS1mo=,sKyjaPuzlzEiFOOYJIcFwrUzxNc=
-14,2,+bvhWaJhXRbDEZ0+hmQtPUdS1mo=,ganis3+2iLHZWDvcPrAQGcehE98=
-14,6,v0J4T6hR+TqH6Alxy6E6TX+Ev2Q=,GOg3wJXqAIBPvJ8PHf/umWhKs4U=
-14,7,v0J4T6hR+TqH6Alxy6E6TX+Ev2Q=,GOg3wJXqAIBPvJ8PHf/umWhKs4U=
-14,5,v0J4T6hR+TqH6Alxy6E6TX+Ev2Q=,SLs7/bq/EDJyKY/Rq4y8MTLubO4=
-15,9,v0J4T6hR+TqH6Alxy6E6TX+Ev2Q=,rocIKaAG9E7EwppJ7HB3dotG55k=
-15,5,v0J4T6hR+TqH6Alxy6E6TX+Ev2Q=,xjRjKbnQLZ69HHv0xRabshs8mG8=
-15,10,v0J4T6hR+TqH6Alxy6E6TX+Ev2Q=,PqtzkyWXVXNdRiPKL6AmNXbTm+Q=
-14,9,v0J4T6hR+TqH6Alxy6E6TX+Ev2Q=,+tM2mX9+2VowrPcaTeGPDbTqBbM=
-15,12,v0J4T6hR+TqH6Alxy6E6TX+Ev2Q=,OxLxpddfUtP3iFU5m3Sb3oMLP3w=
-15,7,v0J4T6hR+TqH6Alxy6E6TX+Ev2Q=,9NYlhntmuTi35h0FZQc8Ml0u+BQ=
-15,11,v0J4T6hR+TqH6Alxy6E6TX+Ev2Q=,PqtzkyWXVXNdRiPKL6AmNXbTm+Q=
-15,6,v0J4T6hR+TqH6Alxy6E6TX+Ev2Q=,9NYlhntmuTi35h0FZQc8Ml0u+BQ=
-15,8,v0J4T6hR+TqH6Alxy6E6TX+Ev2Q=,rocIKaAG9E7EwppJ7HB3dotG55k=
-14,8,v0J4T6hR+TqH6Alxy6E6TX+Ev2Q=,+tM2mX9+2VowrPcaTeGPDbTqBbM=
-14,14,v0J4T6hR+TqH6Alxy6E6TX+Ev2Q=,ganis3+2iLHZWDvcPrAQGcehE98=
-15,13,v0J4T6hR+TqH6Alxy6E6TX+Ev2Q=,OxLxpddfUtP3iFU5m3Sb3oMLP3w=
-15,14,v0J4T6hR+TqH6Alxy6E6TX+Ev2Q=,PzLwDUz12FgsyU06uKHtdow0tBI=
-12,13,v0J4T6hR+TqH6Alxy6E6TX+Ev2Q=,znL2ix7nCdSwZwtO2G9h6nw6B/w=
-13,14,v0J4T6hR+TqH6Alxy6E6TX+Ev2Q=,ganis3+2iLHZWDvcPrAQGcehE98=
-12,14,v0J4T6hR+TqH6Alxy6E6TX+Ev2Q=,4K+yvCJiKwH+4cCWAlW5XqC5nCU=
-10,14,v0J4T6hR+TqH6Alxy6E6TX+Ev2Q=,PUm7MS6tUaERPw8kk+Z0gQ1EE80=
-11,13,v0J4T6hR+TqH6Alxy6E6TX+Ev2Q=,znL2ix7nCdSwZwtO2G9h6nw6B/w=
-11,14,v0J4T6hR+TqH6Alxy6E6TX+Ev2Q=,4K+yvCJiKwH+4cCWAlW5XqC5nCU=
-10,13,v0J4T6hR+TqH6Alxy6E6TX+Ev2Q=,Tm//gsoVqkMR6quY8Ox5tA9HYtw=
-7,11,v0J4T6hR+TqH6Alxy6E6TX+Ev2Q=,IFpLiizZNel7sq/g3D27KAVPX5U=
-6,12,v0J4T6hR+TqH6Alxy6E6TX+Ev2Q=,7+YTETHq3u2kztbYdxJAKIVyEoE=
-7,12,v0J4T6hR+TqH6Alxy6E6TX+Ev2Q=,RvZZCxOBT6t7B4kaRlJd95npn14=
-6,11,v0J4T6hR+TqH6Alxy6E6TX+Ev2Q=,gab5k2Y6+BLH5HQJIYMsQT1RYwQ=
-5,12,v0J4T6hR+TqH6Alxy6E6TX+Ev2Q=,7+YTETHq3u2kztbYdxJAKIVyEoE=
-5,11,v0J4T6hR+TqH6Alxy6E6TX+Ev2Q=,gab5k2Y6+BLH5HQJIYMsQT1RYwQ=
-4,11,v0J4T6hR+TqH6Alxy6E6TX+Ev2Q=,qFxScj4HncXRDOC+nUg/xbe+Yzg=
-5,9,+bvhWaJhXRbDEZ0+hmQtPUdS1mo=,TOfRBsAY87K4ccLEi7ek+tfz5Js=
-4,10,+bvhWaJhXRbDEZ0+hmQtPUdS1mo=,qFxScj4HncXRDOC+nUg/xbe+Yzg=
-4,9,+bvhWaJhXRbDEZ0+hmQtPUdS1mo=,rCVqwCvfb8yR4XIzhTuPrMT/6YQ=
-5,10,+bvhWaJhXRbDEZ0+hmQtPUdS1mo=,gab5k2Y6+BLH5HQJIYMsQT1RYwQ=
-5,6,+bvhWaJhXRbDEZ0+hmQtPUdS1mo=,d2/DsRy3sSmTAr5sx8mOUhDz1rI=
-5,7,+bvhWaJhXRbDEZ0+hmQtPUdS1mo=,d2/DsRy3sSmTAr5sx8mOUhDz1rI=
-5,5,+bvhWaJhXRbDEZ0+hmQtPUdS1mo=,gUBMf9zgapwPE02+VJSahNKLQRo=
-4,7,+bvhWaJhXRbDEZ0+hmQtPUdS1mo=,35zWq6jKoxqpABiOonI6Da1rmIE=
-4,5,+bvhWaJhXRbDEZ0+hmQtPUdS1mo=,F7im4Z+fVbWdy08Vo8enWnua6L4=
-5,8,+bvhWaJhXRbDEZ0+hmQtPUdS1mo=,TOfRBsAY87K4ccLEi7ek+tfz5Js=
-4,8,+bvhWaJhXRbDEZ0+hmQtPUdS1mo=,rCVqwCvfb8yR4XIzhTuPrMT/6YQ=
-4,6,+bvhWaJhXRbDEZ0+hmQtPUdS1mo=,35zWq6jKoxqpABiOonI6Da1rmIE=
-3,10,v0J4T6hR+TqH6Alxy6E6TX+Ev2Q=,qFxScj4HncXRDOC+nUg/xbe+Yzg=
-2,10,v0J4T6hR+TqH6Alxy6E6TX+Ev2Q=,9or5nJcxYVWuzTGur8kV2Fzou0Q=
-3,9,v0J4T6hR+TqH6Alxy6E6TX+Ev2Q=,rCVqwCvfb8yR4XIzhTuPrMT/6YQ=
-1,9,v0J4T6hR+TqH6Alxy6E6TX+Ev2Q=,hgF0shbbihraBQ92RPKuM5Nwzj8=
-1,10,v0J4T6hR+TqH6Alxy6E6TX+Ev2Q=,9or5nJcxYVWuzTGur8kV2Fzou0Q=
-2,9,v0J4T6hR+TqH6Alxy6E6TX+Ev2Q=,hgF0shbbihraBQ92RPKuM5Nwzj8=
-1,8,v0J4T6hR+TqH6Alxy6E6TX+Ev2Q=,hgF0shbbihraBQ92RPKuM5Nwzj8=
-1,6,v0J4T6hR+TqH6Alxy6E6TX+Ev2Q=,0ir2XyAZHO+uWrLy+eoHbbcz5KE=
-1,4,v0J4T6hR+TqH6Alxy6E6TX+Ev2Q=,8MYw44pi9dycO/CvRxD/Y2UVFXQ=
-1,7,v0J4T6hR+TqH6Alxy6E6TX+Ev2Q=,0ir2XyAZHO+uWrLy+eoHbbcz5KE=
-1,5,v0J4T6hR+TqH6Alxy6E6TX+Ev2Q=,8MYw44pi9dycO/CvRxD/Y2UVFXQ=
-1,3,v0J4T6hR+TqH6Alxy6E6TX+Ev2Q=,Cc/6jMqPIla2VNDDo4piHNQCs1Y=
-1,2,v0J4T6hR+TqH6Alxy6E6TX+Ev2Q=,Cc/6jMqPIla2VNDDo4piHNQCs1Y=
-1,1,v0J4T6hR+TqH6Alxy6E6TX+Ev2Q=,48w2sigR+k76Tj/IR1sabCHz7aY=
-3,11,v0J4T6hR+TqH6Alxy6E6TX+Ev2Q=,qFxScj4HncXRDOC+nUg/xbe+Yzg=
-2,12,v0J4T6hR+TqH6Alxy6E6TX+Ev2Q=,3mE7D9G0GVZlY/1gIcUgX1/glbo=
-2,11,v0J4T6hR+TqH6Alxy6E6TX+Ev2Q=,9or5nJcxYVWuzTGur8kV2Fzou0Q=
-12,5,v0J4T6hR+TqH6Alxy6E6TX+Ev2Q=,dfBYDv8nHrOthoQFZ+zui0yZDnA=
-13,6,v0J4T6hR+TqH6Alxy6E6TX+Ev2Q=,GOg3wJXqAIBPvJ8PHf/umWhKs4U=
-13,5,v0J4T6hR+TqH6Alxy6E6TX+Ev2Q=,SLs7/bq/EDJyKY/Rq4y8MTLubO4=
-13,7,v0J4T6hR+TqH6Alxy6E6TX+Ev2Q=,GOg3wJXqAIBPvJ8PHf/umWhKs4U=
-13,8,v0J4T6hR+TqH6Alxy6E6TX+Ev2Q=,+tM2mX9+2VowrPcaTeGPDbTqBbM=
-5,13,v0J4T6hR+TqH6Alxy6E6TX+Ev2Q=,7+YTETHq3u2kztbYdxJAKIVyEoE=
-9,14,v0J4T6hR+TqH6Alxy6E6TX+Ev2Q=,PUm7MS6tUaERPw8kk+Z0gQ1EE80=
-1,12,v0J4T6hR+TqH6Alxy6E6TX+Ev2Q=,3mE7D9G0GVZlY/1gIcUgX1/glbo=
-1,11,v0J4T6hR+TqH6Alxy6E6TX+Ev2Q=,9or5nJcxYVWuzTGur8kV2Fzou0Q=
-8,13,v0J4T6hR+TqH6Alxy6E6TX+Ev2Q=,RvZZCxOBT6t7B4kaRlJd95npn14=
-7,13,v0J4T6hR+TqH6Alxy6E6TX+Ev2Q=,RvZZCxOBT6t7B4kaRlJd95npn14=
-2,14,v0J4T6hR+TqH6Alxy6E6TX+Ev2Q=,dtclT9uf0BSo742Pnq4xJ+qhKlA=
-6,13,v0J4T6hR+TqH6Alxy6E6TX+Ev2Q=,7+YTETHq3u2kztbYdxJAKIVyEoE=
-9,13,v0J4T6hR+TqH6Alxy6E6TX+Ev2Q=,Tm//gsoVqkMR6quY8Ox5tA9HYtw=
-2,13,v0J4T6hR+TqH6Alxy6E6TX+Ev2Q=,3mE7D9G0GVZlY/1gIcUgX1/glbo=
-2,15,v0J4T6hR+TqH6Alxy6E6TX+Ev2Q=,dtclT9uf0BSo742Pnq4xJ+qhKlA=
-1,13,v0J4T6hR+TqH6Alxy6E6TX+Ev2Q=,3mE7D9G0GVZlY/1gIcUgX1/glbo=
-1,15,v0J4T6hR+TqH6Alxy6E6TX+Ev2Q=,dtclT9uf0BSo742Pnq4xJ+qhKlA=
-1,14,v0J4T6hR+TqH6Alxy6E6TX+Ev2Q=,dtclT9uf0BSo742Pnq4xJ+qhKlA=
-5,0,v0J4T6hR+TqH6Alxy6E6TX+Ev2Q=,W9IA7EoQI00dkN98Xodg8Mf9ATg=
-6,0,v0J4T6hR+TqH6Alxy6E6TX+Ev2Q=,W9IA7EoQI00dkN98Xodg8Mf9ATg=
-2,0,v0J4T6hR+TqH6Alxy6E6TX+Ev2Q=,48w2sigR+k76Tj/IR1sabCHz7aY=
-7,0,v0J4T6hR+TqH6Alxy6E6TX+Ev2Q=,OXwvQn65h/zYFXLIckC+9IwKVDA=
-4,0,v0J4T6hR+TqH6Alxy6E6TX+Ev2Q=,+1gIW796htzq5og1uO5qvqgdrLY=
-3,0,v0J4T6hR+TqH6Alxy6E6TX+Ev2Q=,+1gIW796htzq5og1uO5qvqgdrLY=
-11,0,v0J4T6hR+TqH6Alxy6E6TX+Ev2Q=,oEQkErCRoYEMQB9DHMeWQArTw/I=
-9,0,v0J4T6hR+TqH6Alxy6E6TX+Ev2Q=,FFH6wbz8LR/Snpl73D/N7TsaXRE=
-10,0,v0J4T6hR+TqH6Alxy6E6TX+Ev2Q=,FFH6wbz8LR/Snpl73D/N7TsaXRE=
-12,0,v0J4T6hR+TqH6Alxy6E6TX+Ev2Q=,oEQkErCRoYEMQB9DHMeWQArTw/I=
-8,0,v0J4T6hR+TqH6Alxy6E6TX+Ev2Q=,OXwvQn65h/zYFXLIckC+9IwKVDA=
-16,0,v0J4T6hR+TqH6Alxy6E6TX+Ev2Q=,Nw0A0f+gG2D5Avg4WBubWE1LBZE=
-13,0,v0J4T6hR+TqH6Alxy6E6TX+Ev2Q=,sKyjaPuzlzEiFOOYJIcFwrUzxNc=
-16,15,v0J4T6hR+TqH6Alxy6E6TX+Ev2Q=,PzLwDUz12FgsyU06uKHtdow0tBI=
-15,0,v0J4T6hR+TqH6Alxy6E6TX+Ev2Q=,Nw0A0f+gG2D5Avg4WBubWE1LBZE=
-16,14,v0J4T6hR+TqH6Alxy6E6TX+Ev2Q=,PzLwDUz12FgsyU06uKHtdow0tBI=
-16,13,v0J4T6hR+TqH6Alxy6E6TX+Ev2Q=,OxLxpddfUtP3iFU5m3Sb3oMLP3w=
-14,0,v0J4T6hR+TqH6Alxy6E6TX+Ev2Q=,sKyjaPuzlzEiFOOYJIcFwrUzxNc=
-15,15,v0J4T6hR+TqH6Alxy6E6TX+Ev2Q=,PzLwDUz12FgsyU06uKHtdow0tBI=
-14,15,v0J4T6hR+TqH6Alxy6E6TX+Ev2Q=,ganis3+2iLHZWDvcPrAQGcehE98=
-12,15,v0J4T6hR+TqH6Alxy6E6TX+Ev2Q=,4K+yvCJiKwH+4cCWAlW5XqC5nCU=
-9,15,v0J4T6hR+TqH6Alxy6E6TX+Ev2Q=,PUm7MS6tUaERPw8kk+Z0gQ1EE80=
-13,9,v0J4T6hR+TqH6Alxy6E6TX+Ev2Q=,+tM2mX9+2VowrPcaTeGPDbTqBbM=
-12,12,v0J4T6hR+TqH6Alxy6E6TX+Ev2Q=,znL2ix7nCdSwZwtO2G9h6nw6B/w=
-10,15,v0J4T6hR+TqH6Alxy6E6TX+Ev2Q=,PUm7MS6tUaERPw8kk+Z0gQ1EE80=
-11,15,v0J4T6hR+TqH6Alxy6E6TX+Ev2Q=,4K+yvCJiKwH+4cCWAlW5XqC5nCU=
-11,12,v0J4T6hR+TqH6Alxy6E6TX+Ev2Q=,znL2ix7nCdSwZwtO2G9h6nw6B/w=
-8,11,v0J4T6hR+TqH6Alxy6E6TX+Ev2Q=,IFpLiizZNel7sq/g3D27KAVPX5U=
-13,15,v0J4T6hR+TqH6Alxy6E6TX+Ev2Q=,ganis3+2iLHZWDvcPrAQGcehE98=
-10,12,v0J4T6hR+TqH6Alxy6E6TX+Ev2Q=,Tm//gsoVqkMR6quY8Ox5tA9HYtw=
-9,12,v0J4T6hR+TqH6Alxy6E6TX+Ev2Q=,Tm//gsoVqkMR6quY8Ox5tA9HYtw=
-8,12,v0J4T6hR+TqH6Alxy6E6TX+Ev2Q=,RvZZCxOBT6t7B4kaRlJd95npn14=
-1,0,v0J4T6hR+TqH6Alxy6E6TX+Ev2Q=,48w2sigR+k76Tj/IR1sabCHz7aY=
-16,9,v0J4T6hR+TqH6Alxy6E6TX+Ev2Q=,rocIKaAG9E7EwppJ7HB3dotG55k=
-16,12,v0J4T6hR+TqH6Alxy6E6TX+Ev2Q=,OxLxpddfUtP3iFU5m3Sb3oMLP3w=
-16,7,v0J4T6hR+TqH6Alxy6E6TX+Ev2Q=,9NYlhntmuTi35h0FZQc8Ml0u+BQ=
-16,3,v0J4T6hR+TqH6Alxy6E6TX+Ev2Q=,TCMdDhy0mXrPPgyUs6sW/A1XMCg=
-16,1,v0J4T6hR+TqH6Alxy6E6TX+Ev2Q=,Nw0A0f+gG2D5Avg4WBubWE1LBZE=
-16,11,v0J4T6hR+TqH6Alxy6E6TX+Ev2Q=,PqtzkyWXVXNdRiPKL6AmNXbTm+Q=
-16,2,v0J4T6hR+TqH6Alxy6E6TX+Ev2Q=,TCMdDhy0mXrPPgyUs6sW/A1XMCg=
-16,8,v0J4T6hR+TqH6Alxy6E6TX+Ev2Q=,rocIKaAG9E7EwppJ7HB3dotG55k=
-6,8,v0J4T6hR+TqH6Alxy6E6TX+Ev2Q=,TOfRBsAY87K4ccLEi7ek+tfz5Js=
-16,5,v0J4T6hR+TqH6Alxy6E6TX+Ev2Q=,xjRjKbnQLZ69HHv0xRabshs8mG8=
-8,10,v0J4T6hR+TqH6Alxy6E6TX+Ev2Q=,IFpLiizZNel7sq/g3D27KAVPX5U=
-6,7,v0J4T6hR+TqH6Alxy6E6TX+Ev2Q=,d2/DsRy3sSmTAr5sx8mOUhDz1rI=
-6,9,v0J4T6hR+TqH6Alxy6E6TX+Ev2Q=,TOfRBsAY87K4ccLEi7ek+tfz5Js=
-16,10,v0J4T6hR+TqH6Alxy6E6TX+Ev2Q=,PqtzkyWXVXNdRiPKL6AmNXbTm+Q=
-16,6,v0J4T6hR+TqH6Alxy6E6TX+Ev2Q=,9NYlhntmuTi35h0FZQc8Ml0u+BQ=
-7,10,v0J4T6hR+TqH6Alxy6E6TX+Ev2Q=,IFpLiizZNel7sq/g3D27KAVPX5U=
-16,4,v0J4T6hR+TqH6Alxy6E6TX+Ev2Q=,xjRjKbnQLZ69HHv0xRabshs8mG8=
-6,6,v0J4T6hR+TqH6Alxy6E6TX+Ev2Q=,d2/DsRy3sSmTAr5sx8mOUhDz1rI=
-6,10,v0J4T6hR+TqH6Alxy6E6TX+Ev2Q=,gab5k2Y6+BLH5HQJIYMsQT1RYwQ=
-6,5,v0J4T6hR+TqH6Alxy6E6TX+Ev2Q=,gUBMf9zgapwPE02+VJSahNKLQRo=
-7,5,v0J4T6hR+TqH6Alxy6E6TX+Ev2Q=,IFpLiizZNel7sq/g3D27KAVPX5U=
-11,4,v0J4T6hR+TqH6Alxy6E6TX+Ev2Q=,dfBYDv8nHrOthoQFZ+zui0yZDnA=
-9,4,v0J4T6hR+TqH6Alxy6E6TX+Ev2Q=,GtQNasnZ6L8HUbXkNqWrEvXQkQk=
-6,4,v0J4T6hR+TqH6Alxy6E6TX+Ev2Q=,gUBMf9zgapwPE02+VJSahNKLQRo=
-11,5,v0J4T6hR+TqH6Alxy6E6TX+Ev2Q=,dfBYDv8nHrOthoQFZ+zui0yZDnA=
-8,5,v0J4T6hR+TqH6Alxy6E6TX+Ev2Q=,IFpLiizZNel7sq/g3D27KAVPX5U=
-6,3,v0J4T6hR+TqH6Alxy6E6TX+Ev2Q=,EGD8YhfdgZqbRv23bZnoHKb8Oc8=
-11,3,v0J4T6hR+TqH6Alxy6E6TX+Ev2Q=,i3+OeO255mrJOrdZA8lfBt5uYIA=
-7,4,v0J4T6hR+TqH6Alxy6E6TX+Ev2Q=,IFpLiizZNel7sq/g3D27KAVPX5U=
-10,5,v0J4T6hR+TqH6Alxy6E6TX+Ev2Q=,GtQNasnZ6L8HUbXkNqWrEvXQkQk=
-8,3,v0J4T6hR+TqH6Alxy6E6TX+Ev2Q=,ru9ESksx1cRxhRPqiS61/bCR0CU=
-9,3,v0J4T6hR+TqH6Alxy6E6TX+Ev2Q=,/G8JKDGfhsX/1HEOJ1eneF9KYPc=
-10,3,v0J4T6hR+TqH6Alxy6E6TX+Ev2Q=,/G8JKDGfhsX/1HEOJ1eneF9KYPc=
-9,5,v0J4T6hR+TqH6Alxy6E6TX+Ev2Q=,GtQNasnZ6L8HUbXkNqWrEvXQkQk=
-8,4,v0J4T6hR+TqH6Alxy6E6TX+Ev2Q=,IFpLiizZNel7sq/g3D27KAVPX5U=
-10,4,v0J4T6hR+TqH6Alxy6E6TX+Ev2Q=,GtQNasnZ6L8HUbXkNqWrEvXQkQk=
-7,3,v0J4T6hR+TqH6Alxy6E6TX+Ev2Q=,ru9ESksx1cRxhRPqiS61/bCR0CU=
-20,1,6hFFAjUs9He83WnvCLBZAvMjGqE=,Bjpdgh0ZmSuymfFqxwUV4SJn3NY=
-20,0,6hFFAjUs9He83WnvCLBZAvMjGqE=,Bjpdgh0ZmSuymfFqxwUV4SJn3NY=
-18,0,6hFFAjUs9He83WnvCLBZAvMjGqE=,qBoVSdnYZzNPklBavpVVrMfYrYQ=
-19,0,6hFFAjUs9He83WnvCLBZAvMjGqE=,Bjpdgh0ZmSuymfFqxwUV4SJn3NY=
-19,1,6hFFAjUs9He83WnvCLBZAvMjGqE=,Bjpdgh0ZmSuymfFqxwUV4SJn3NY=
-18,1,6hFFAjUs9He83WnvCLBZAvMjGqE=,qBoVSdnYZzNPklBavpVVrMfYrYQ=
-17,0,6hFFAjUs9He83WnvCLBZAvMjGqE=,qBoVSdnYZzNPklBavpVVrMfYrYQ=
-17,1,6hFFAjUs9He83WnvCLBZAvMjGqE=,qBoVSdnYZzNPklBavpVVrMfYrYQ=
-2,28,+bvhWaJhXRbDEZ0+hmQtPUdS1mo=,PUbpxrULH7jyiEFNHtP66kjELeU=
-1,28,+bvhWaJhXRbDEZ0+hmQtPUdS1mo=,PUbpxrULH7jyiEFNHtP66kjELeU=
-4,30,+bvhWaJhXRbDEZ0+hmQtPUdS1mo=,jOgokxXjHo5zvjO1bAurDpY0pb8=
-4,31,+bvhWaJhXRbDEZ0+hmQtPUdS1mo=,jOgokxXjHo5zvjO1bAurDpY0pb8=
-1,29,+bvhWaJhXRbDEZ0+hmQtPUdS1mo=,PUbpxrULH7jyiEFNHtP66kjELeU=
-1,31,+bvhWaJhXRbDEZ0+hmQtPUdS1mo=,zEzlcGtRHTPtKIXHAK25ENjibHU=
-1,30,+bvhWaJhXRbDEZ0+hmQtPUdS1mo=,zEzlcGtRHTPtKIXHAK25ENjibHU=
-2,30,+bvhWaJhXRbDEZ0+hmQtPUdS1mo=,zEzlcGtRHTPtKIXHAK25ENjibHU=
-2,31,+bvhWaJhXRbDEZ0+hmQtPUdS1mo=,zEzlcGtRHTPtKIXHAK25ENjibHU=
-3,30,+bvhWaJhXRbDEZ0+hmQtPUdS1mo=,jOgokxXjHo5zvjO1bAurDpY0pb8=
-3,31,+bvhWaJhXRbDEZ0+hmQtPUdS1mo=,jOgokxXjHo5zvjO1bAurDpY0pb8=
-2,29,+bvhWaJhXRbDEZ0+hmQtPUdS1mo=,PUbpxrULH7jyiEFNHtP66kjELeU=
