56,-5,1br0GRuq9M40Vwy432sBDK/e1ew=,dnYH5ZpXPV3gzFv8pmdom3XHAQ8=
56,-4,1br0GRuq9M40Vwy432sBDK/e1ew=,WxAE83g4chbl4X5QqkMTN3jfe24=
55,-5,9er1n600bdrwF7bgez0AGAFBv/c=,feB87v8WqdC8QpM0pj758zBeVyg=
55,-4,9er1n600bdrwF7bgez0AGAFBv/c=,feB87v8WqdC8QpM0pj758zBeVyg=
53,-5,1br0GRuq9M40Vwy432sBDK/e1ew=,surouIwmVkUaEzsYZVCtCjj9ZUk=
54,-5,1br0GRuq9M40Vwy432sBDK/e1ew=,feB87v8WqdC8QpM0pj758zBeVyg=
53,-4,1br0GRuq9M40Vwy432sBDK/e1ew=,surouIwmVkUaEzsYZVCtCjj9ZUk=
54,-4,1br0GRuq9M40Vwy432sBDK/e1ew=,feB87v8WqdC8QpM0pj758zBeVyg=
51,-5,1br0GRuq9M40Vwy432sBDK/e1ew=,WA2VrnGfFP0NrpAD7+zpmQ/k6qs=
52,-5,1br0GRuq9M40Vwy432sBDK/e1ew=,surouIwmVkUaEzsYZVCtCjj9ZUk=
52,-4,9er1n600bdrwF7bgez0AGAFBv/c=,surouIwmVkUaEzsYZVCtCjj9ZUk=
51,-4,9er1n600bdrwF7bgez0AGAFBv/c=,WA2VrnGfFP0NrpAD7+zpmQ/k6qs=
49,-5,9er1n600bdrwF7bgez0AGAFBv/c=,sIvphLupOwmDWxey9+EHIxtwAEg=
50,-5,9er1n600bdrwF7bgez0AGAFBv/c=,WA2VrnGfFP0NrpAD7+zpmQ/k6qs=
48,-4,9er1n600bdrwF7bgez0AGAFBv/c=,+SstXx5HWQ10/sM+B6vFDwxmcKY=
48,-5,9er1n600bdrwF7bgez0AGAFBv/c=,sIvphLupOwmDWxey9+EHIxtwAEg=
57,-5,9er1n600bdrwF7bgez0AGAFBv/c=,dnYH5ZpXPV3gzFv8pmdom3XHAQ8=
57,-4,9er1n600bdrwF7bgez0AGAFBv/c=,WxAE83g4chbl4X5QqkMTN3jfe24=
57,-2,9er1n600bdrwF7bgez0AGAFBv/c=,iQRRPbpDWYhX/bkq5PnHxbNbTrw=
57,-3,9er1n600bdrwF7bgez0AGAFBv/c=,WxAE83g4chbl4X5QqkMTN3jfe24=
54,-6,9er1n600bdrwF7bgez0AGAFBv/c=,feB87v8WqdC8QpM0pj758zBeVyg=
53,-6,9er1n600bdrwF7bgez0AGAFBv/c=,surouIwmVkUaEzsYZVCtCjj9ZUk=
56,-6,9er1n600bdrwF7bgez0AGAFBv/c=,dnYH5ZpXPV3gzFv8pmdom3XHAQ8=
55,-6,9er1n600bdrwF7bgez0AGAFBv/c=,feB87v8WqdC8QpM0pj758zBeVyg=
57,-6,9er1n600bdrwF7bgez0AGAFBv/c=,dnYH5ZpXPV3gzFv8pmdom3XHAQ8=
50,-6,9er1n600bdrwF7bgez0AGAFBv/c=,WA2VrnGfFP0NrpAD7+zpmQ/k6qs=
52,-6,9er1n600bdrwF7bgez0AGAFBv/c=,surouIwmVkUaEzsYZVCtCjj9ZUk=
51,-6,9er1n600bdrwF7bgez0AGAFBv/c=,WA2VrnGfFP0NrpAD7+zpmQ/k6qs=
49,-6,9er1n600bdrwF7bgez0AGAFBv/c=,sIvphLupOwmDWxey9+EHIxtwAEg=
57,-1,9er1n600bdrwF7bgez0AGAFBv/c=,iQRRPbpDWYhX/bkq5PnHxbNbTrw=
48,-6,9er1n600bdrwF7bgez0AGAFBv/c=,sIvphLupOwmDWxey9+EHIxtwAEg=
56,-1,9er1n600bdrwF7bgez0AGAFBv/c=,iQRRPbpDWYhX/bkq5PnHxbNbTrw=
54,-2,1br0GRuq9M40Vwy432sBDK/e1ew=,Tg0A3tHz4h3GcugyKM7nhgUElA0=
53,-2,1br0GRuq9M40Vwy432sBDK/e1ew=,FVg9mOM3UJJk3bomuda6OF+8bUY=
55,-2,9er1n600bdrwF7bgez0AGAFBv/c=,Tg0A3tHz4h3GcugyKM7nhgUElA0=
56,-2,9er1n600bdrwF7bgez0AGAFBv/c=,iQRRPbpDWYhX/bkq5PnHxbNbTrw=
54,-1,9er1n600bdrwF7bgez0AGAFBv/c=,Tg0A3tHz4h3GcugyKM7nhgUElA0=
53,-1,9er1n600bdrwF7bgez0AGAFBv/c=,FVg9mOM3UJJk3bomuda6OF+8bUY=
56,-3,9er1n600bdrwF7bgez0AGAFBv/c=,WxAE83g4chbl4X5QqkMTN3jfe24=
49,-4,9er1n600bdrwF7bgez0AGAFBv/c=,+SstXx5HWQ10/sM+B6vFDwxmcKY=
55,-1,9er1n600bdrwF7bgez0AGAFBv/c=,Tg0A3tHz4h3GcugyKM7nhgUElA0=
50,-4,9er1n600bdrwF7bgez0AGAFBv/c=,WA2VrnGfFP0NrpAD7+zpmQ/k6qs=
54,-3,1br0GRuq9M40Vwy432sBDK/e1ew=,feB87v8WqdC8QpM0pj758zBeVyg=
53,-3,1br0GRuq9M40Vwy432sBDK/e1ew=,surouIwmVkUaEzsYZVCtCjj9ZUk=
55,-3,9er1n600bdrwF7bgez0AGAFBv/c=,feB87v8WqdC8QpM0pj758zBeVyg=
52,-1,9er1n600bdrwF7bgez0AGAFBv/c=,FVg9mOM3UJJk3bomuda6OF+8bUY=
51,-1,9er1n600bdrwF7bgez0AGAFBv/c=,WA2VrnGfFP0NrpAD7+zpmQ/k6qs=
52,-2,1br0GRuq9M40Vwy432sBDK/e1ew=,FVg9mOM3UJJk3bomuda6OF+8bUY=
51,-2,1br0GRuq9M40Vwy432sBDK/e1ew=,WA2VrnGfFP0NrpAD7+zpmQ/k6qs=
52,-3,9er1n600bdrwF7bgez0AGAFBv/c=,surouIwmVkUaEzsYZVCtCjj9ZUk=
51,-3,9er1n600bdrwF7bgez0AGAFBv/c=,WA2VrnGfFP0NrpAD7+zpmQ/k6qs=
48,-3,9er1n600bdrwF7bgez0AGAFBv/c=,+SstXx5HWQ10/sM+B6vFDwxmcKY=
49,-1,9er1n600bdrwF7bgez0AGAFBv/c=,150RN4Pl1/IfvKh64qMHBmng2ys=
48,-2,9er1n600bdrwF7bgez0AGAFBv/c=,150RN4Pl1/IfvKh64qMHBmng2ys=
49,-3,9er1n600bdrwF7bgez0AGAFBv/c=,+SstXx5HWQ10/sM+B6vFDwxmcKY=
50,-1,9er1n600bdrwF7bgez0AGAFBv/c=,WA2VrnGfFP0NrpAD7+zpmQ/k6qs=
50,-3,9er1n600bdrwF7bgez0AGAFBv/c=,WA2VrnGfFP0NrpAD7+zpmQ/k6qs=
50,-2,9er1n600bdrwF7bgez0AGAFBv/c=,WA2VrnGfFP0NrpAD7+zpmQ/k6qs=
49,-2,9er1n600bdrwF7bgez0AGAFBv/c=,150RN4Pl1/IfvKh64qMHBmng2ys=
48,-1,9er1n600bdrwF7bgez0AGAFBv/c=,150RN4Pl1/IfvKh64qMHBmng2ys=
35,-12,9er1n600bdrwF7bgez0AGAFBv/c=,VfEu9VZXB4EIQIby5TzzeodObRg=
35,-13,9er1n600bdrwF7bgez0AGAFBv/c=,ZhEtt598yxw2atUZ9i/q9CqSIpU=
33,-11,9er1n600bdrwF7bgez0AGAFBv/c=,wC8qDcgT+uwVy6+hyTYkZRLVahM=
35,-11,9er1n600bdrwF7bgez0AGAFBv/c=,VfEu9VZXB4EIQIby5TzzeodObRg=
34,-11,9er1n600bdrwF7bgez0AGAFBv/c=,VfEu9VZXB4EIQIby5TzzeodObRg=
35,-16,9er1n600bdrwF7bgez0AGAFBv/c=,AEDYGmMapzlhwUP8KVMkyZW8Mc8=
35,-14,9er1n600bdrwF7bgez0AGAFBv/c=,ZhEtt598yxw2atUZ9i/q9CqSIpU=
35,-15,9er1n600bdrwF7bgez0AGAFBv/c=,AEDYGmMapzlhwUP8KVMkyZW8Mc8=
34,-16,9er1n600bdrwF7bgez0AGAFBv/c=,AEDYGmMapzlhwUP8KVMkyZW8Mc8=
33,-16,9er1n600bdrwF7bgez0AGAFBv/c=,7ovz7GVDysVX1zuKRhcCL2mU9yI=
32,-16,9er1n600bdrwF7bgez0AGAFBv/c=,7ovz7GVDysVX1zuKRhcCL2mU9yI=
46,-4,9er1n600bdrwF7bgez0AGAFBv/c=,D1olEJHJDjnUXbZIrEL4WYfcEl0=
47,-4,9er1n600bdrwF7bgez0AGAFBv/c=,D1olEJHJDjnUXbZIrEL4WYfcEl0=
32,-11,9er1n600bdrwF7bgez0AGAFBv/c=,wC8qDcgT+uwVy6+hyTYkZRLVahM=
44,-2,9er1n600bdrwF7bgez0AGAFBv/c=,0QnFRLLczeq8FZq7sqU3z5GUhKE=
33,-12,9er1n600bdrwF7bgez0AGAFBv/c=,wC8qDcgT+uwVy6+hyTYkZRLVahM=
34,-15,9er1n600bdrwF7bgez0AGAFBv/c=,AEDYGmMapzlhwUP8KVMkyZW8Mc8=
33,-15,9er1n600bdrwF7bgez0AGAFBv/c=,7ovz7GVDysVX1zuKRhcCL2mU9yI=
34,-12,9er1n600bdrwF7bgez0AGAFBv/c=,VfEu9VZXB4EIQIby5TzzeodObRg=
44,-1,9er1n600bdrwF7bgez0AGAFBv/c=,0QnFRLLczeq8FZq7sqU3z5GUhKE=
34,-14,9er1n600bdrwF7bgez0AGAFBv/c=,ZhEtt598yxw2atUZ9i/q9CqSIpU=
32,-12,9er1n600bdrwF7bgez0AGAFBv/c=,wC8qDcgT+uwVy6+hyTYkZRLVahM=
32,-13,9er1n600bdrwF7bgez0AGAFBv/c=,ZtCs4tHT6mc/Qa6pTYNo1NDLcSg=
32,-14,9er1n600bdrwF7bgez0AGAFBv/c=,ZtCs4tHT6mc/Qa6pTYNo1NDLcSg=
34,-13,9er1n600bdrwF7bgez0AGAFBv/c=,ZhEtt598yxw2atUZ9i/q9CqSIpU=
33,-14,9er1n600bdrwF7bgez0AGAFBv/c=,ZtCs4tHT6mc/Qa6pTYNo1NDLcSg=
33,-13,9er1n600bdrwF7bgez0AGAFBv/c=,ZtCs4tHT6mc/Qa6pTYNo1NDLcSg=
32,-15,9er1n600bdrwF7bgez0AGAFBv/c=,7ovz7GVDysVX1zuKRhcCL2mU9yI=
47,-3,9er1n600bdrwF7bgez0AGAFBv/c=,D1olEJHJDjnUXbZIrEL4WYfcEl0=
45,-2,9er1n600bdrwF7bgez0AGAFBv/c=,0QnFRLLczeq8FZq7sqU3z5GUhKE=
46,-3,9er1n600bdrwF7bgez0AGAFBv/c=,D1olEJHJDjnUXbZIrEL4WYfcEl0=
45,-1,9er1n600bdrwF7bgez0AGAFBv/c=,0QnFRLLczeq8FZq7sqU3z5GUhKE=
46,-2,9er1n600bdrwF7bgez0AGAFBv/c=,D1olEJHJDjnUXbZIrEL4WYfcEl0=
46,-1,9er1n600bdrwF7bgez0AGAFBv/c=,D1olEJHJDjnUXbZIrEL4WYfcEl0=
47,-2,9er1n600bdrwF7bgez0AGAFBv/c=,D1olEJHJDjnUXbZIrEL4WYfcEl0=
47,-1,9er1n600bdrwF7bgez0AGAFBv/c=,D1olEJHJDjnUXbZIrEL4WYfcEl0=
