-20,18,ZKD/fKN9/qNR3rCF6hDrD0l9neU=,In/FTC6XrwRnB15A37GhU9aycM0=
-21,18,ZKD/fKN9/qNR3rCF6hDrD0l9neU=,i5BXwdSpt2CLUkYr37/SM2Py0XM=
-21,17,ZKD/fKN9/qNR3rCF6hDrD0l9neU=,naE+1zzusFDFe7U8zo1dIcf9xVo=
-20,17,ZKD/fKN9/qNR3rCF6hDrD0l9neU=,XmvYHqBfaKPz+CTUl3HRKQiTYyA=
-21,19,ZKD/fKN9/qNR3rCF6hDrD0l9neU=,i5BXwdSpt2CLUkYr37/SM2Py0XM=
-20,20,ZKD/fKN9/qNR3rCF6hDrD0l9neU=,PDChwNBSmx4+bCVrDbu1vRWwAWU=
-20,19,ZKD/fKN9/qNR3rCF6hDrD0l9neU=,In/FTC6XrwRnB15A37GhU9aycM0=
-21,20,ZKD/fKN9/qNR3rCF6hDrD0l9neU=,3jlFWUOlDO5e+NqqPuWgcuXOvH0=
-21,21,ChOZEITB2uIQxZMnPyNzVuGg/hs=,3jlFWUOlDO5e+NqqPuWgcuXOvH0=
-20,21,ChOZEITB2uIQxZMnPyNzVuGg/hs=,PDChwNBSmx4+bCVrDbu1vRWwAWU=
-21,22,ChOZEITB2uIQxZMnPyNzVuGg/hs=,LuuGQJ7fsC68QQkXMb4tuiQCqlY=
-20,22,ChOZEITB2uIQxZMnPyNzVuGg/hs=,mdNZSkf1eQa6ZMcTW88oXL+1Mzc=
-23,24,ChOZEITB2uIQxZMnPyNzVuGg/hs=,wG7PqyRh5sZAI3dp3xllB++ZROY=
-22,24,ChOZEITB2uIQxZMnPyNzVuGg/hs=,UZD7kogb6uHt1Ks/a3T2w7BsFgw=
-23,23,ChOZEITB2uIQxZMnPyNzVuGg/hs=,iJGp4HzBbMs9qe4S/E1XOMI77ew=
-22,23,ChOZEITB2uIQxZMnPyNzVuGg/hs=,LuuGQJ7fsC68QQkXMb4tuiQCqlY=
-20,24,ChOZEITB2uIQxZMnPyNzVuGg/hs=,s3BGmkdu9aRiCsXuwFXZPQ16FRE=
-21,23,ChOZEITB2uIQxZMnPyNzVuGg/hs=,LuuGQJ7fsC68QQkXMb4tuiQCqlY=
-21,24,ChOZEITB2uIQxZMnPyNzVuGg/hs=,UZD7kogb6uHt1Ks/a3T2w7BsFgw=
-20,23,ChOZEITB2uIQxZMnPyNzVuGg/hs=,mdNZSkf1eQa6ZMcTW88oXL+1Mzc=
-20,26,gJRmGPEQckl0W5khrEdV5ShFQgE=,UvmHMqFmAVwnGzwQ1mczbxtTrN8=
-20,25,gJRmGPEQckl0W5khrEdV5ShFQgE=,s3BGmkdu9aRiCsXuwFXZPQ16FRE=
-21,26,gJRmGPEQckl0W5khrEdV5ShFQgE=,LQG6Qf/tizTc9Cc2OGiC6cQtuCE=
-21,25,gJRmGPEQckl0W5khrEdV5ShFQgE=,UZD7kogb6uHt1Ks/a3T2w7BsFgw=
-23,25,gJRmGPEQckl0W5khrEdV5ShFQgE=,wG7PqyRh5sZAI3dp3xllB++ZROY=
-22,26,gJRmGPEQckl0W5khrEdV5ShFQgE=,LQG6Qf/tizTc9Cc2OGiC6cQtuCE=
-22,25,gJRmGPEQckl0W5khrEdV5ShFQgE=,UZD7kogb6uHt1Ks/a3T2w7BsFgw=
-19,28,gJRmGPEQckl0W5khrEdV5ShFQgE=,9XT4Ehnqb/90FoG/WL0vtbPC8X0=
-19,27,gJRmGPEQckl0W5khrEdV5ShFQgE=,UvmHMqFmAVwnGzwQ1mczbxtTrN8=
-20,28,gJRmGPEQckl0W5khrEdV5ShFQgE=,9XT4Ehnqb/90FoG/WL0vtbPC8X0=
-21,28,gJRmGPEQckl0W5khrEdV5ShFQgE=,RUtYXtwcnWljkv3yZJvDuCrO0t4=
-20,27,gJRmGPEQckl0W5khrEdV5ShFQgE=,UvmHMqFmAVwnGzwQ1mczbxtTrN8=
-22,27,gJRmGPEQckl0W5khrEdV5ShFQgE=,LQG6Qf/tizTc9Cc2OGiC6cQtuCE=
-21,27,gJRmGPEQckl0W5khrEdV5ShFQgE=,LQG6Qf/tizTc9Cc2OGiC6cQtuCE=
-23,22,gJRmGPEQckl0W5khrEdV5ShFQgE=,iJGp4HzBbMs9qe4S/E1XOMI77ew=
-22,28,gJRmGPEQckl0W5khrEdV5ShFQgE=,RUtYXtwcnWljkv3yZJvDuCrO0t4=
-22,19,gJRmGPEQckl0W5khrEdV5ShFQgE=,i5BXwdSpt2CLUkYr37/SM2Py0XM=
-23,20,gJRmGPEQckl0W5khrEdV5ShFQgE=,i5BXwdSpt2CLUkYr37/SM2Py0XM=
-22,20,gJRmGPEQckl0W5khrEdV5ShFQgE=,3jlFWUOlDO5e+NqqPuWgcuXOvH0=
-22,21,gJRmGPEQckl0W5khrEdV5ShFQgE=,3jlFWUOlDO5e+NqqPuWgcuXOvH0=
-23,21,gJRmGPEQckl0W5khrEdV5ShFQgE=,i5BXwdSpt2CLUkYr37/SM2Py0XM=
-22,22,gJRmGPEQckl0W5khrEdV5ShFQgE=,LuuGQJ7fsC68QQkXMb4tuiQCqlY=
-19,30,gJRmGPEQckl0W5khrEdV5ShFQgE=,Y/YdFMGYp7MdGYdmlgvxgdBS65Y=
-19,31,gJRmGPEQckl0W5khrEdV5ShFQgE=,Y/YdFMGYp7MdGYdmlgvxgdBS65Y=
-19,29,gJRmGPEQckl0W5khrEdV5ShFQgE=,9XT4Ehnqb/90FoG/WL0vtbPC8X0=
-22,29,gJRmGPEQckl0W5khrEdV5ShFQgE=,RUtYXtwcnWljkv3yZJvDuCrO0t4=
-21,31,gJRmGPEQckl0W5khrEdV5ShFQgE=,f1M/UbYSlV4P2EPdU6jzHC1jo2Y=
-20,31,gJRmGPEQckl0W5khrEdV5ShFQgE=,Y/YdFMGYp7MdGYdmlgvxgdBS65Y=
-21,29,gJRmGPEQckl0W5khrEdV5ShFQgE=,RUtYXtwcnWljkv3yZJvDuCrO0t4=
-20,29,gJRmGPEQckl0W5khrEdV5ShFQgE=,9XT4Ehnqb/90FoG/WL0vtbPC8X0=
-20,30,gJRmGPEQckl0W5khrEdV5ShFQgE=,Y/YdFMGYp7MdGYdmlgvxgdBS65Y=
-22,30,gJRmGPEQckl0W5khrEdV5ShFQgE=,f1M/UbYSlV4P2EPdU6jzHC1jo2Y=
-21,30,gJRmGPEQckl0W5khrEdV5ShFQgE=,f1M/UbYSlV4P2EPdU6jzHC1jo2Y=
-22,31,gJRmGPEQckl0W5khrEdV5ShFQgE=,f1M/UbYSlV4P2EPdU6jzHC1jo2Y=
-18,21,G9AgHkqAyRM/nun6pH+MkCgcxhs=,7gdrUT6ttdbNyPcg4+kaxqONnXg=
-19,21,G9AgHkqAyRM/nun6pH+MkCgcxhs=,PDChwNBSmx4+bCVrDbu1vRWwAWU=
-19,22,G9AgHkqAyRM/nun6pH+MkCgcxhs=,mdNZSkf1eQa6ZMcTW88oXL+1Mzc=
-21,16,G9AgHkqAyRM/nun6pH+MkCgcxhs=,naE+1zzusFDFe7U8zo1dIcf9xVo=
-17,21,G9AgHkqAyRM/nun6pH+MkCgcxhs=,7gdrUT6ttdbNyPcg4+kaxqONnXg=
-20,16,G9AgHkqAyRM/nun6pH+MkCgcxhs=,XmvYHqBfaKPz+CTUl3HRKQiTYyA=
-24,22,G9AgHkqAyRM/nun6pH+MkCgcxhs=,iJGp4HzBbMs9qe4S/E1XOMI77ew=
-24,21,G9AgHkqAyRM/nun6pH+MkCgcxhs=,i5BXwdSpt2CLUkYr37/SM2Py0XM=
-24,24,G9AgHkqAyRM/nun6pH+MkCgcxhs=,wG7PqyRh5sZAI3dp3xllB++ZROY=
-24,23,G9AgHkqAyRM/nun6pH+MkCgcxhs=,iJGp4HzBbMs9qe4S/E1XOMI77ew=
-19,26,G9AgHkqAyRM/nun6pH+MkCgcxhs=,UvmHMqFmAVwnGzwQ1mczbxtTrN8=
-19,24,G9AgHkqAyRM/nun6pH+MkCgcxhs=,s3BGmkdu9aRiCsXuwFXZPQ16FRE=
-19,25,G9AgHkqAyRM/nun6pH+MkCgcxhs=,s3BGmkdu9aRiCsXuwFXZPQ16FRE=
-19,23,G9AgHkqAyRM/nun6pH+MkCgcxhs=,mdNZSkf1eQa6ZMcTW88oXL+1Mzc=
-24,25,G9AgHkqAyRM/nun6pH+MkCgcxhs=,wG7PqyRh5sZAI3dp3xllB++ZROY=
-24,20,G9AgHkqAyRM/nun6pH+MkCgcxhs=,i5BXwdSpt2CLUkYr37/SM2Py0XM=
-22,16,G9AgHkqAyRM/nun6pH+MkCgcxhs=,naE+1zzusFDFe7U8zo1dIcf9xVo=
-22,18,G9AgHkqAyRM/nun6pH+MkCgcxhs=,i5BXwdSpt2CLUkYr37/SM2Py0XM=
-22,17,G9AgHkqAyRM/nun6pH+MkCgcxhs=,naE+1zzusFDFe7U8zo1dIcf9xVo=
-19,16,G9AgHkqAyRM/nun6pH+MkCgcxhs=,XmvYHqBfaKPz+CTUl3HRKQiTYyA=
-18,16,G9AgHkqAyRM/nun6pH+MkCgcxhs=,fog21O2YHDqTCmrVYB9AYk2ps0Q=
-17,16,G9AgHkqAyRM/nun6pH+MkCgcxhs=,fog21O2YHDqTCmrVYB9AYk2ps0Q=
-19,19,G9AgHkqAyRM/nun6pH+MkCgcxhs=,In/FTC6XrwRnB15A37GhU9aycM0=
-17,17,G9AgHkqAyRM/nun6pH+MkCgcxhs=,fog21O2YHDqTCmrVYB9AYk2ps0Q=
-17,20,G9AgHkqAyRM/nun6pH+MkCgcxhs=,7gdrUT6ttdbNyPcg4+kaxqONnXg=
-18,19,G9AgHkqAyRM/nun6pH+MkCgcxhs=,XK8yVWJ1tiUDKHUoo1duAU7T6Ic=
-19,18,G9AgHkqAyRM/nun6pH+MkCgcxhs=,In/FTC6XrwRnB15A37GhU9aycM0=
-17,18,G9AgHkqAyRM/nun6pH+MkCgcxhs=,XK8yVWJ1tiUDKHUoo1duAU7T6Ic=
-19,17,G9AgHkqAyRM/nun6pH+MkCgcxhs=,XmvYHqBfaKPz+CTUl3HRKQiTYyA=
-18,20,G9AgHkqAyRM/nun6pH+MkCgcxhs=,7gdrUT6ttdbNyPcg4+kaxqONnXg=
-19,20,G9AgHkqAyRM/nun6pH+MkCgcxhs=,PDChwNBSmx4+bCVrDbu1vRWwAWU=
-18,17,G9AgHkqAyRM/nun6pH+MkCgcxhs=,fog21O2YHDqTCmrVYB9AYk2ps0Q=
-18,18,G9AgHkqAyRM/nun6pH+MkCgcxhs=,XK8yVWJ1tiUDKHUoo1duAU7T6Ic=
-17,19,G9AgHkqAyRM/nun6pH+MkCgcxhs=,XK8yVWJ1tiUDKHUoo1duAU7T6Ic=
-17,10,/s0apal1FIbN13YIL9E9vjSotpM=,CsK/tK5PMgNAJ44e42+7iIAtScY=
-17,8,/s0apal1FIbN13YIL9E9vjSotpM=,lziQeY2lQZCdCKqbi9GyknCPfdE=
-17,9,/s0apal1FIbN13YIL9E9vjSotpM=,lziQeY2lQZCdCKqbi9GyknCPfdE=
-17,7,/s0apal1FIbN13YIL9E9vjSotpM=,GSIvdI5zQLbw/vtSyNSNie2iAmM=
-18,8,/s0apal1FIbN13YIL9E9vjSotpM=,lziQeY2lQZCdCKqbi9GyknCPfdE=
-19,10,/s0apal1FIbN13YIL9E9vjSotpM=,pHGy3uXvWcQtqDjgxxW2dLexacY=
-18,7,/s0apal1FIbN13YIL9E9vjSotpM=,GSIvdI5zQLbw/vtSyNSNie2iAmM=
-18,9,/s0apal1FIbN13YIL9E9vjSotpM=,lziQeY2lQZCdCKqbi9GyknCPfdE=
-18,10,/s0apal1FIbN13YIL9E9vjSotpM=,CsK/tK5PMgNAJ44e42+7iIAtScY=
-18,2,/s0apal1FIbN13YIL9E9vjSotpM=,+KjQXPpCEcOxTh9fUAUSmqmsiLs=
-20,10,/s0apal1FIbN13YIL9E9vjSotpM=,pHGy3uXvWcQtqDjgxxW2dLexacY=
-17,2,/s0apal1FIbN13YIL9E9vjSotpM=,+KjQXPpCEcOxTh9fUAUSmqmsiLs=
-20,14,/s0apal1FIbN13YIL9E9vjSotpM=,PNruxPXMKOrMNl3wGIYJpVkGnYw=
-20,12,/s0apal1FIbN13YIL9E9vjSotpM=,SYE7Ap3q+BJpBdJJACvTSzmpsLg=
-20,13,/s0apal1FIbN13YIL9E9vjSotpM=,SYE7Ap3q+BJpBdJJACvTSzmpsLg=
-20,11,/s0apal1FIbN13YIL9E9vjSotpM=,pHGy3uXvWcQtqDjgxxW2dLexacY=
-20,15,/s0apal1FIbN13YIL9E9vjSotpM=,PNruxPXMKOrMNl3wGIYJpVkGnYw=
-19,12,/s0apal1FIbN13YIL9E9vjSotpM=,SYE7Ap3q+BJpBdJJACvTSzmpsLg=
-17,12,/s0apal1FIbN13YIL9E9vjSotpM=,kgmiCnDcYSq3npg6VFscwfMyfKE=
-17,11,/s0apal1FIbN13YIL9E9vjSotpM=,CsK/tK5PMgNAJ44e42+7iIAtScY=
-19,11,/s0apal1FIbN13YIL9E9vjSotpM=,pHGy3uXvWcQtqDjgxxW2dLexacY=
-18,12,/s0apal1FIbN13YIL9E9vjSotpM=,kgmiCnDcYSq3npg6VFscwfMyfKE=
-18,11,/s0apal1FIbN13YIL9E9vjSotpM=,CsK/tK5PMgNAJ44e42+7iIAtScY=
-17,3,/s0apal1FIbN13YIL9E9vjSotpM=,+KjQXPpCEcOxTh9fUAUSmqmsiLs=
-17,4,/s0apal1FIbN13YIL9E9vjSotpM=,VO+pNq6NTZjtgrZY9Ior+a/8gME=
-17,5,/s0apal1FIbN13YIL9E9vjSotpM=,VO+pNq6NTZjtgrZY9Ior+a/8gME=
-18,6,/s0apal1FIbN13YIL9E9vjSotpM=,GSIvdI5zQLbw/vtSyNSNie2iAmM=
-17,6,/s0apal1FIbN13YIL9E9vjSotpM=,GSIvdI5zQLbw/vtSyNSNie2iAmM=
-18,5,/s0apal1FIbN13YIL9E9vjSotpM=,VO+pNq6NTZjtgrZY9Ior+a/8gME=
-18,4,/s0apal1FIbN13YIL9E9vjSotpM=,VO+pNq6NTZjtgrZY9Ior+a/8gME=
-18,3,/s0apal1FIbN13YIL9E9vjSotpM=,+KjQXPpCEcOxTh9fUAUSmqmsiLs=
-19,13,/s0apal1FIbN13YIL9E9vjSotpM=,SYE7Ap3q+BJpBdJJACvTSzmpsLg=
-19,14,/s0apal1FIbN13YIL9E9vjSotpM=,PNruxPXMKOrMNl3wGIYJpVkGnYw=
-18,15,/s0apal1FIbN13YIL9E9vjSotpM=,7QfGcTxV8VW8QEoGKjlTxkDZnKI=
-18,14,/s0apal1FIbN13YIL9E9vjSotpM=,7QfGcTxV8VW8QEoGKjlTxkDZnKI=
-17,15,/s0apal1FIbN13YIL9E9vjSotpM=,7QfGcTxV8VW8QEoGKjlTxkDZnKI=
-17,13,/s0apal1FIbN13YIL9E9vjSotpM=,kgmiCnDcYSq3npg6VFscwfMyfKE=
-19,15,/s0apal1FIbN13YIL9E9vjSotpM=,PNruxPXMKOrMNl3wGIYJpVkGnYw=
-18,13,/s0apal1FIbN13YIL9E9vjSotpM=,kgmiCnDcYSq3npg6VFscwfMyfKE=
-17,14,/s0apal1FIbN13YIL9E9vjSotpM=,7QfGcTxV8VW8QEoGKjlTxkDZnKI=
-1,20,Hk72cY5dQJpFevZpaTLizVUswJs=,O47Fzo4UamLQnUaQGdxwme4a+DI=
-1,19,Hk72cY5dQJpFevZpaTLizVUswJs=,skoGS6x+rpUfz/T9AS5KvKJ7ngI=
-1,22,f/Pm6bQFi6dYMrlq1twDK/GEagI=,B65NIpbwM11TswggfgNwtAVEmHo=
-1,21,Hk72cY5dQJpFevZpaTLizVUswJs=,O47Fzo4UamLQnUaQGdxwme4a+DI=
-2,17,Hk72cY5dQJpFevZpaTLizVUswJs=,QJ6by7raTmoQgh/W3mpj4+VDnuc=
-2,16,Hk72cY5dQJpFevZpaTLizVUswJs=,QJ6by7raTmoQgh/W3mpj4+VDnuc=
-2,18,Hk72cY5dQJpFevZpaTLizVUswJs=,skoGS6x+rpUfz/T9AS5KvKJ7ngI=
-1,17,Hk72cY5dQJpFevZpaTLizVUswJs=,QJ6by7raTmoQgh/W3mpj4+VDnuc=
-1,18,Hk72cY5dQJpFevZpaTLizVUswJs=,skoGS6x+rpUfz/T9AS5KvKJ7ngI=
-1,16,Hk72cY5dQJpFevZpaTLizVUswJs=,QJ6by7raTmoQgh/W3mpj4+VDnuc=
-2,24,Xd4SBZrcr5HwPBLgY8DGw65WQcg=,Qk+5DtES8ZlUan8qaWK2ZOsKN3E=
-2,23,Xd4SBZrcr5HwPBLgY8DGw65WQcg=,B65NIpbwM11TswggfgNwtAVEmHo=
-1,23,Xd4SBZrcr5HwPBLgY8DGw65WQcg=,B65NIpbwM11TswggfgNwtAVEmHo=
-1,24,Xd4SBZrcr5HwPBLgY8DGw65WQcg=,Qk+5DtES8ZlUan8qaWK2ZOsKN3E=
-2,25,f/Pm6bQFi6dYMrlq1twDK/GEagI=,Qk+5DtES8ZlUan8qaWK2ZOsKN3E=
-1,25,f/Pm6bQFi6dYMrlq1twDK/GEagI=,Qk+5DtES8ZlUan8qaWK2ZOsKN3E=
-11,17,YtEdfxalTNu/UYkkVSFLxv9vOiQ=,ayMybRrKjFBbXr3kTy2azZdAl8A=
-16,21,YtEdfxalTNu/UYkkVSFLxv9vOiQ=,kdNlzlAdyX1YimFKiDZ2iS47Qiw=
-2,21,YtEdfxalTNu/UYkkVSFLxv9vOiQ=,O47Fzo4UamLQnUaQGdxwme4a+DI=
-2,22,Xd4SBZrcr5HwPBLgY8DGw65WQcg=,B65NIpbwM11TswggfgNwtAVEmHo=
-2,20,YtEdfxalTNu/UYkkVSFLxv9vOiQ=,O47Fzo4UamLQnUaQGdxwme4a+DI=
-2,19,YtEdfxalTNu/UYkkVSFLxv9vOiQ=,skoGS6x+rpUfz/T9AS5KvKJ7ngI=
-15,21,YtEdfxalTNu/UYkkVSFLxv9vOiQ=,kdNlzlAdyX1YimFKiDZ2iS47Qiw=
-11,16,YtEdfxalTNu/UYkkVSFLxv9vOiQ=,ayMybRrKjFBbXr3kTy2azZdAl8A=
-13,19,YtEdfxalTNu/UYkkVSFLxv9vOiQ=,Cden8D7gxs6uVSwZlkgwX6SrBRs=
-16,16,YtEdfxalTNu/UYkkVSFLxv9vOiQ=,DHImUtJLnknnnh20v0Zr0BACPLQ=
-12,16,YtEdfxalTNu/UYkkVSFLxv9vOiQ=,ayMybRrKjFBbXr3kTy2azZdAl8A=
-12,17,YtEdfxalTNu/UYkkVSFLxv9vOiQ=,ayMybRrKjFBbXr3kTy2azZdAl8A=
-14,16,YtEdfxalTNu/UYkkVSFLxv9vOiQ=,/lK5bBqW/6bWYXbKQtpPtrm17Vs=
-15,16,YtEdfxalTNu/UYkkVSFLxv9vOiQ=,DHImUtJLnknnnh20v0Zr0BACPLQ=
-13,16,YtEdfxalTNu/UYkkVSFLxv9vOiQ=,/lK5bBqW/6bWYXbKQtpPtrm17Vs=
-13,18,YtEdfxalTNu/UYkkVSFLxv9vOiQ=,Cden8D7gxs6uVSwZlkgwX6SrBRs=
-13,17,YtEdfxalTNu/UYkkVSFLxv9vOiQ=,/lK5bBqW/6bWYXbKQtpPtrm17Vs=
-16,18,YtEdfxalTNu/UYkkVSFLxv9vOiQ=,Y6zuVOwHhKj2BCtVdq5GSx5xeI0=
-16,17,YtEdfxalTNu/UYkkVSFLxv9vOiQ=,DHImUtJLnknnnh20v0Zr0BACPLQ=
-14,18,YtEdfxalTNu/UYkkVSFLxv9vOiQ=,Cden8D7gxs6uVSwZlkgwX6SrBRs=
-16,20,YtEdfxalTNu/UYkkVSFLxv9vOiQ=,kdNlzlAdyX1YimFKiDZ2iS47Qiw=
-14,19,YtEdfxalTNu/UYkkVSFLxv9vOiQ=,Cden8D7gxs6uVSwZlkgwX6SrBRs=
-14,17,YtEdfxalTNu/UYkkVSFLxv9vOiQ=,/lK5bBqW/6bWYXbKQtpPtrm17Vs=
-15,17,YtEdfxalTNu/UYkkVSFLxv9vOiQ=,DHImUtJLnknnnh20v0Zr0BACPLQ=
-15,19,YtEdfxalTNu/UYkkVSFLxv9vOiQ=,Y6zuVOwHhKj2BCtVdq5GSx5xeI0=
-15,20,YtEdfxalTNu/UYkkVSFLxv9vOiQ=,kdNlzlAdyX1YimFKiDZ2iS47Qiw=
-15,18,YtEdfxalTNu/UYkkVSFLxv9vOiQ=,Y6zuVOwHhKj2BCtVdq5GSx5xeI0=
-16,19,YtEdfxalTNu/UYkkVSFLxv9vOiQ=,Y6zuVOwHhKj2BCtVdq5GSx5xeI0=
-4,6,o2imKwCu79ABQw3TY2VI3q0VtlQ=,n4OyjORIMLRiIT4l5g2Iz4D32A8=
-5,6,o2imKwCu79ABQw3TY2VI3q0VtlQ=,vs74+HZ42hnmuyZA2zYIqJ3X370=
-4,5,o2imKwCu79ABQw3TY2VI3q0VtlQ=,fyYNFOst0SFIqPdRvinv6aqPNqo=
-5,5,tKqM5qJssL2pjxm45wbRDhwugWY=,WTslVAxYpN4dOvewyBqZE952js0=
-2,6,3+dVkkXzGnhUNHCowF5qoLbznr0=,pG8lHzNFQq9I7mNLjkjZlhmYNEU=
-2,5,3+dVkkXzGnhUNHCowF5qoLbznr0=,kNm3rs2m97GYXBUpnQiT3uCsKmI=
-3,6,3+dVkkXzGnhUNHCowF5qoLbznr0=,n4OyjORIMLRiIT4l5g2Iz4D32A8=
-3,5,3+dVkkXzGnhUNHCowF5qoLbznr0=,fyYNFOst0SFIqPdRvinv6aqPNqo=
-4,4,3+dVkkXzGnhUNHCowF5qoLbznr0=,fyYNFOst0SFIqPdRvinv6aqPNqo=
-4,3,/8ZTklrm5UHAgHuS4DrT5HE6bhs=,rvFrJImLSlxmvdvIQJsriA5NI7U=
-5,4,/8ZTklrm5UHAgHuS4DrT5HE6bhs=,WTslVAxYpN4dOvewyBqZE952js0=
-5,3,/8ZTklrm5UHAgHuS4DrT5HE6bhs=,U8KMeJip2w9iKIgfjc2u7NkGj7I=
-2,4,3+dVkkXzGnhUNHCowF5qoLbznr0=,kNm3rs2m97GYXBUpnQiT3uCsKmI=
-3,4,3+dVkkXzGnhUNHCowF5qoLbznr0=,fyYNFOst0SFIqPdRvinv6aqPNqo=
-2,3,/8ZTklrm5UHAgHuS4DrT5HE6bhs=,PGCv10NntPs/EXzT2I6hd0NJF6Y=
-3,3,/8ZTklrm5UHAgHuS4DrT5HE6bhs=,rvFrJImLSlxmvdvIQJsriA5NI7U=
-6,4,/8ZTklrm5UHAgHuS4DrT5HE6bhs=,WTslVAxYpN4dOvewyBqZE952js0=
-6,3,/8ZTklrm5UHAgHuS4DrT5HE6bhs=,U8KMeJip2w9iKIgfjc2u7NkGj7I=
-7,3,/8ZTklrm5UHAgHuS4DrT5HE6bhs=,EOCd79x3AwytwIDWTho75WgDz4g=
-7,4,/8ZTklrm5UHAgHuS4DrT5HE6bhs=,PbPK62qSgWfl2z0RtP+ICa28q6Y=
-8,4,ATkrFRwDyGcN9Y4d7HUWu5a4P1E=,PbPK62qSgWfl2z0RtP+ICa28q6Y=
-9,4,2++/W9IFHejmGY+MhRibESdrNf4=,eHMH688vQfnA1ltXXYDMqt2Ebm4=
-8,3,ATkrFRwDyGcN9Y4d7HUWu5a4P1E=,EOCd79x3AwytwIDWTho75WgDz4g=
-9,3,ATkrFRwDyGcN9Y4d7HUWu5a4P1E=,zL828XngffTak5F/obQSZeRIdSk=
-9,2,1TZedpu6JZ0jnhfZYaUYhDc2hhc=,zL828XngffTak5F/obQSZeRIdSk=
-8,2,1TZedpu6JZ0jnhfZYaUYhDc2hhc=,EOCd79x3AwytwIDWTho75WgDz4g=
-8,1,1TZedpu6JZ0jnhfZYaUYhDc2hhc=,3wHX3nCTKWNmmGqEBwG9A02gE1w=
-9,1,1TZedpu6JZ0jnhfZYaUYhDc2hhc=,sDNrRIV3ciYP0NfDGoVD6AGZiFw=
-10,4,OW9z/sDjyv+QSFzi4GYU+q6iZUE=,eHMH688vQfnA1ltXXYDMqt2Ebm4=
-11,3,ATkrFRwDyGcN9Y4d7HUWu5a4P1E=,yPZdLZ56Vgel1FhpHIXpX5WlHQE=
-11,4,OW9z/sDjyv+QSFzi4GYU+q6iZUE=,QY+VE5LvPp9+4zjSRgcefWTMmSg=
-10,3,ATkrFRwDyGcN9Y4d7HUWu5a4P1E=,zL828XngffTak5F/obQSZeRIdSk=
-10,2,1TZedpu6JZ0jnhfZYaUYhDc2hhc=,zL828XngffTak5F/obQSZeRIdSk=
-11,2,1TZedpu6JZ0jnhfZYaUYhDc2hhc=,yPZdLZ56Vgel1FhpHIXpX5WlHQE=
-10,1,1TZedpu6JZ0jnhfZYaUYhDc2hhc=,sDNrRIV3ciYP0NfDGoVD6AGZiFw=
-11,1,1TZedpu6JZ0jnhfZYaUYhDc2hhc=,/Rt42XdCbLNWBC4X0gUwnNylmVU=
-13,3,pMLUk8H3wm2il5ZvdNrMNZn/MuY=,isrUkt/RH7Frx7kikOb9Q0IRXZo=
-13,4,pMLUk8H3wm2il5ZvdNrMNZn/MuY=,FhNILELTwHP5lkhXVzn3MJw26IA=
-12,3,ExuWXud2rvjwupVqiV7we4dNF+k=,yPZdLZ56Vgel1FhpHIXpX5WlHQE=
-12,4,pMLUk8H3wm2il5ZvdNrMNZn/MuY=,QY+VE5LvPp9+4zjSRgcefWTMmSg=
-12,2,ExuWXud2rvjwupVqiV7we4dNF+k=,yPZdLZ56Vgel1FhpHIXpX5WlHQE=
-13,2,pMLUk8H3wm2il5ZvdNrMNZn/MuY=,isrUkt/RH7Frx7kikOb9Q0IRXZo=
-12,1,ExuWXud2rvjwupVqiV7we4dNF+k=,/Rt42XdCbLNWBC4X0gUwnNylmVU=
-13,1,ExuWXud2rvjwupVqiV7we4dNF+k=,T31RKlL9jaZ/mWkDLsSRTXzLozc=
-14,2,XtYMNyY/6JBXGkGCje3pBvwHbUY=,isrUkt/RH7Frx7kikOb9Q0IRXZo=
-15,2,XtYMNyY/6JBXGkGCje3pBvwHbUY=,kdNlzlAdyX1YimFKiDZ2iS47Qiw=
-14,1,ExuWXud2rvjwupVqiV7we4dNF+k=,T31RKlL9jaZ/mWkDLsSRTXzLozc=
-15,1,XtYMNyY/6JBXGkGCje3pBvwHbUY=,SFucy9ZMnOTdovMvFtNo9UAAEyc=
-14,3,XtYMNyY/6JBXGkGCje3pBvwHbUY=,isrUkt/RH7Frx7kikOb9Q0IRXZo=
-15,4,XtYMNyY/6JBXGkGCje3pBvwHbUY=,YV97wZC/NC0nX/tFfWYZZg09auM=
-15,3,XtYMNyY/6JBXGkGCje3pBvwHbUY=,kdNlzlAdyX1YimFKiDZ2iS47Qiw=
-14,4,XtYMNyY/6JBXGkGCje3pBvwHbUY=,FhNILELTwHP5lkhXVzn3MJw26IA=
-14,6,JfrVqWUSeaMnQY9Tlrnb+1AQT/E=,8Jvi9mnsXZkVyJ5Dwj9IiJ8RiyY=
-15,6,JfrVqWUSeaMnQY9Tlrnb+1AQT/E=,IEpEW6T3+iu2+eoFZ7sS2jq7LA4=
-14,5,JfrVqWUSeaMnQY9Tlrnb+1AQT/E=,FhNILELTwHP5lkhXVzn3MJw26IA=
-15,5,JfrVqWUSeaMnQY9Tlrnb+1AQT/E=,YV97wZC/NC0nX/tFfWYZZg09auM=
-15,8,JfrVqWUSeaMnQY9Tlrnb+1AQT/E=,PCLtnzyLXaCcvAzrgk1aLpQQemo=
-14,8,JfrVqWUSeaMnQY9Tlrnb+1AQT/E=,8Jvi9mnsXZkVyJ5Dwj9IiJ8RiyY=
-14,7,JfrVqWUSeaMnQY9Tlrnb+1AQT/E=,8Jvi9mnsXZkVyJ5Dwj9IiJ8RiyY=
-15,7,JfrVqWUSeaMnQY9Tlrnb+1AQT/E=,IEpEW6T3+iu2+eoFZ7sS2jq7LA4=
-14,14,JfrVqWUSeaMnQY9Tlrnb+1AQT/E=,a7cgGzdUSSgTJi/yGeG1MJQwV6A=
-15,14,JfrVqWUSeaMnQY9Tlrnb+1AQT/E=,BJ0JUFkyawnmkEG9C9teIf/ZV4E=
-15,13,JfrVqWUSeaMnQY9Tlrnb+1AQT/E=,BJ0JUFkyawnmkEG9C9teIf/ZV4E=
-15,10,EKxXfjdOpoerS+7tO5sXWoSUIjo=,/OLgbuMWT7E9O8oHgRSzOI0b9eI=
-15,12,EKxXfjdOpoerS+7tO5sXWoSUIjo=,BJ0JUFkyawnmkEG9C9teIf/ZV4E=
-14,9,EKxXfjdOpoerS+7tO5sXWoSUIjo=,8Jvi9mnsXZkVyJ5Dwj9IiJ8RiyY=
-15,9,EKxXfjdOpoerS+7tO5sXWoSUIjo=,PCLtnzyLXaCcvAzrgk1aLpQQemo=
-15,11,EKxXfjdOpoerS+7tO5sXWoSUIjo=,/OLgbuMWT7E9O8oHgRSzOI0b9eI=
-13,14,KF3rr6uB1DB7yUiwqd9aLOLicFI=,a7cgGzdUSSgTJi/yGeG1MJQwV6A=
-12,14,KF3rr6uB1DB7yUiwqd9aLOLicFI=,7ajiq3pleOhW5/E8WeHUI6OwO7c=
-12,13,KF3rr6uB1DB7yUiwqd9aLOLicFI=,X/Na9x0WKcYEFCzSJfg+tU2xFuo=
-11,14,fLMDuu/mCwuEI5X0ejky1clkV7Y=,7ajiq3pleOhW5/E8WeHUI6OwO7c=
-10,14,fLMDuu/mCwuEI5X0ejky1clkV7Y=,r7Bw0bMC4wr6FcQGlu9rhaXIYlE=
-11,13,fLMDuu/mCwuEI5X0ejky1clkV7Y=,X/Na9x0WKcYEFCzSJfg+tU2xFuo=
-10,13,fLMDuu/mCwuEI5X0ejky1clkV7Y=,QzsPWpUn5hNkbToX4PF3dSrp3Gw=
-6,12,aMuJsw7cVZeEn7ySZh7MXlXP81Y=,28FAPfZwP5t5i6Y3ndjSj6Vy628=
-7,12,aMuJsw7cVZeEn7ySZh7MXlXP81Y=,7Ojz7DQFX7QiaszJVkEiVwcOiIo=
-6,11,tKqM5qJssL2pjxm45wbRDhwugWY=,COQ2fh/eK2c2J+ye8C6wX3EKfjE=
-7,11,aMuJsw7cVZeEn7ySZh7MXlXP81Y=,iot3jfWr0PfIgyDZzLH0E4t2WHc=
-6,6,fqAa2VakuuSmoijAeWG0Ok16Wn0=,vs74+HZ42hnmuyZA2zYIqJ3X370=
-6,7,fqAa2VakuuSmoijAeWG0Ok16Wn0=,vs74+HZ42hnmuyZA2zYIqJ3X370=
-4,8,tKqM5qJssL2pjxm45wbRDhwugWY=,nESIuZgQYG0NJ9PT1aXErzm7yMQ=
-6,8,tKqM5qJssL2pjxm45wbRDhwugWY=,b/FG2bol6g6Sq7jgwTPquv7meAY=
-6,10,tKqM5qJssL2pjxm45wbRDhwugWY=,COQ2fh/eK2c2J+ye8C6wX3EKfjE=
-6,5,HTqdv7X+Q2qlJkjhaD0dQYWNlmY=,WTslVAxYpN4dOvewyBqZE952js0=
-7,5,HTqdv7X+Q2qlJkjhaD0dQYWNlmY=,PbPK62qSgWfl2z0RtP+ICa28q6Y=
-4,7,fqAa2VakuuSmoijAeWG0Ok16Wn0=,n4OyjORIMLRiIT4l5g2Iz4D32A8=
-5,8,tKqM5qJssL2pjxm45wbRDhwugWY=,b/FG2bol6g6Sq7jgwTPquv7meAY=
-6,9,tKqM5qJssL2pjxm45wbRDhwugWY=,b/FG2bol6g6Sq7jgwTPquv7meAY=
-14,15,fqAa2VakuuSmoijAeWG0Ok16Wn0=,a7cgGzdUSSgTJi/yGeG1MJQwV6A=
-15,15,fqAa2VakuuSmoijAeWG0Ok16Wn0=,BJ0JUFkyawnmkEG9C9teIf/ZV4E=
-4,9,tKqM5qJssL2pjxm45wbRDhwugWY=,nESIuZgQYG0NJ9PT1aXErzm7yMQ=
-5,9,tKqM5qJssL2pjxm45wbRDhwugWY=,b/FG2bol6g6Sq7jgwTPquv7meAY=
-7,10,J1ivfl2fKmHHioy6qSAWlX2Pg3U=,iot3jfWr0PfIgyDZzLH0E4t2WHc=
-5,10,tKqM5qJssL2pjxm45wbRDhwugWY=,COQ2fh/eK2c2J+ye8C6wX3EKfjE=
-5,7,J1ivfl2fKmHHioy6qSAWlX2Pg3U=,vs74+HZ42hnmuyZA2zYIqJ3X370=
-7,13,J1ivfl2fKmHHioy6qSAWlX2Pg3U=,7Ojz7DQFX7QiaszJVkEiVwcOiIo=
-6,13,J1ivfl2fKmHHioy6qSAWlX2Pg3U=,28FAPfZwP5t5i6Y3ndjSj6Vy628=
-9,14,J1ivfl2fKmHHioy6qSAWlX2Pg3U=,r7Bw0bMC4wr6FcQGlu9rhaXIYlE=
-9,13,J1ivfl2fKmHHioy6qSAWlX2Pg3U=,QzsPWpUn5hNkbToX4PF3dSrp3Gw=
-8,13,J1ivfl2fKmHHioy6qSAWlX2Pg3U=,7Ojz7DQFX7QiaszJVkEiVwcOiIo=
-10,15,J1ivfl2fKmHHioy6qSAWlX2Pg3U=,r7Bw0bMC4wr6FcQGlu9rhaXIYlE=
-12,15,J1ivfl2fKmHHioy6qSAWlX2Pg3U=,7ajiq3pleOhW5/E8WeHUI6OwO7c=
-11,15,J1ivfl2fKmHHioy6qSAWlX2Pg3U=,7ajiq3pleOhW5/E8WeHUI6OwO7c=
-5,12,J1ivfl2fKmHHioy6qSAWlX2Pg3U=,28FAPfZwP5t5i6Y3ndjSj6Vy628=
-5,11,tKqM5qJssL2pjxm45wbRDhwugWY=,COQ2fh/eK2c2J+ye8C6wX3EKfjE=
-13,15,J1ivfl2fKmHHioy6qSAWlX2Pg3U=,a7cgGzdUSSgTJi/yGeG1MJQwV6A=
-5,13,J1ivfl2fKmHHioy6qSAWlX2Pg3U=,28FAPfZwP5t5i6Y3ndjSj6Vy628=
-2,10,HTqdv7X+Q2qlJkjhaD0dQYWNlmY=,CXo+IfwieryNFsqmu10tDofulRU=
-3,8,tKqM5qJssL2pjxm45wbRDhwugWY=,nESIuZgQYG0NJ9PT1aXErzm7yMQ=
-1,7,J1ivfl2fKmHHioy6qSAWlX2Pg3U=,pG8lHzNFQq9I7mNLjkjZlhmYNEU=
-1,10,tKqM5qJssL2pjxm45wbRDhwugWY=,CXo+IfwieryNFsqmu10tDofulRU=
-2,8,tKqM5qJssL2pjxm45wbRDhwugWY=,uThuCI6Or3tudHQGL1SKObZjYHk=
-3,9,HTqdv7X+Q2qlJkjhaD0dQYWNlmY=,nESIuZgQYG0NJ9PT1aXErzm7yMQ=
-2,9,HTqdv7X+Q2qlJkjhaD0dQYWNlmY=,uThuCI6Or3tudHQGL1SKObZjYHk=
-1,9,tKqM5qJssL2pjxm45wbRDhwugWY=,uThuCI6Or3tudHQGL1SKObZjYHk=
-1,8,tKqM5qJssL2pjxm45wbRDhwugWY=,uThuCI6Or3tudHQGL1SKObZjYHk=
-3,7,J1ivfl2fKmHHioy6qSAWlX2Pg3U=,n4OyjORIMLRiIT4l5g2Iz4D32A8=
-2,7,J1ivfl2fKmHHioy6qSAWlX2Pg3U=,pG8lHzNFQq9I7mNLjkjZlhmYNEU=
-2,15,J1ivfl2fKmHHioy6qSAWlX2Pg3U=,RtfZ6jpDaOjI9z6WQl7pCNWwOww=
-1,15,J1ivfl2fKmHHioy6qSAWlX2Pg3U=,RtfZ6jpDaOjI9z6WQl7pCNWwOww=
-1,13,8Bd/sRbkyVVwHdKcLWId6+DggGI=,hBAj9S97G9cxOF1tvxd6OTBDmf4=
-1,11,tKqM5qJssL2pjxm45wbRDhwugWY=,CXo+IfwieryNFsqmu10tDofulRU=
-2,11,tKqM5qJssL2pjxm45wbRDhwugWY=,CXo+IfwieryNFsqmu10tDofulRU=
-2,13,8Bd/sRbkyVVwHdKcLWId6+DggGI=,hBAj9S97G9cxOF1tvxd6OTBDmf4=
-2,14,8Bd/sRbkyVVwHdKcLWId6+DggGI=,RtfZ6jpDaOjI9z6WQl7pCNWwOww=
-2,12,8Bd/sRbkyVVwHdKcLWId6+DggGI=,hBAj9S97G9cxOF1tvxd6OTBDmf4=
-1,12,8Bd/sRbkyVVwHdKcLWId6+DggGI=,hBAj9S97G9cxOF1tvxd6OTBDmf4=
-1,14,8Bd/sRbkyVVwHdKcLWId6+DggGI=,RtfZ6jpDaOjI9z6WQl7pCNWwOww=
-1,4,8Bd/sRbkyVVwHdKcLWId6+DggGI=,kNm3rs2m97GYXBUpnQiT3uCsKmI=
-1,6,8Bd/sRbkyVVwHdKcLWId6+DggGI=,pG8lHzNFQq9I7mNLjkjZlhmYNEU=
-1,3,tKqM5qJssL2pjxm45wbRDhwugWY=,PGCv10NntPs/EXzT2I6hd0NJF6Y=
-1,5,8Bd/sRbkyVVwHdKcLWId6+DggGI=,kNm3rs2m97GYXBUpnQiT3uCsKmI=
-8,5,ATkrFRwDyGcN9Y4d7HUWu5a4P1E=,PbPK62qSgWfl2z0RtP+ICa28q6Y=
-13,5,8Bd/sRbkyVVwHdKcLWId6+DggGI=,FhNILELTwHP5lkhXVzn3MJw26IA=
-11,5,8Bd/sRbkyVVwHdKcLWId6+DggGI=,QY+VE5LvPp9+4zjSRgcefWTMmSg=
-13,6,8Bd/sRbkyVVwHdKcLWId6+DggGI=,8Jvi9mnsXZkVyJ5Dwj9IiJ8RiyY=
-12,5,8Bd/sRbkyVVwHdKcLWId6+DggGI=,QY+VE5LvPp9+4zjSRgcefWTMmSg=
-10,5,8Bd/sRbkyVVwHdKcLWId6+DggGI=,eHMH688vQfnA1ltXXYDMqt2Ebm4=
-9,5,8Bd/sRbkyVVwHdKcLWId6+DggGI=,eHMH688vQfnA1ltXXYDMqt2Ebm4=
-16,14,8Bd/sRbkyVVwHdKcLWId6+DggGI=,BJ0JUFkyawnmkEG9C9teIf/ZV4E=
-16,13,8Bd/sRbkyVVwHdKcLWId6+DggGI=,BJ0JUFkyawnmkEG9C9teIf/ZV4E=
-16,11,8Bd/sRbkyVVwHdKcLWId6+DggGI=,/OLgbuMWT7E9O8oHgRSzOI0b9eI=
-16,12,8Bd/sRbkyVVwHdKcLWId6+DggGI=,BJ0JUFkyawnmkEG9C9teIf/ZV4E=
-16,9,8Bd/sRbkyVVwHdKcLWId6+DggGI=,PCLtnzyLXaCcvAzrgk1aLpQQemo=
-16,10,8Bd/sRbkyVVwHdKcLWId6+DggGI=,/OLgbuMWT7E9O8oHgRSzOI0b9eI=
-16,8,8Bd/sRbkyVVwHdKcLWId6+DggGI=,PCLtnzyLXaCcvAzrgk1aLpQQemo=
-16,7,8Bd/sRbkyVVwHdKcLWId6+DggGI=,IEpEW6T3+iu2+eoFZ7sS2jq7LA4=
-6,0,/8ZTklrm5UHAgHuS4DrT5HE6bhs=,Aee13aqnVbIqbHmj5SjlM8ccB3w=
-16,5,8Bd/sRbkyVVwHdKcLWId6+DggGI=,YV97wZC/NC0nX/tFfWYZZg09auM=
-16,4,8Bd/sRbkyVVwHdKcLWId6+DggGI=,YV97wZC/NC0nX/tFfWYZZg09auM=
-16,3,8Bd/sRbkyVVwHdKcLWId6+DggGI=,kdNlzlAdyX1YimFKiDZ2iS47Qiw=
-16,2,8Bd/sRbkyVVwHdKcLWId6+DggGI=,kdNlzlAdyX1YimFKiDZ2iS47Qiw=
-16,1,8Bd/sRbkyVVwHdKcLWId6+DggGI=,SFucy9ZMnOTdovMvFtNo9UAAEyc=
-16,15,8Bd/sRbkyVVwHdKcLWId6+DggGI=,BJ0JUFkyawnmkEG9C9teIf/ZV4E=
-13,8,8Bd/sRbkyVVwHdKcLWId6+DggGI=,8Jvi9mnsXZkVyJ5Dwj9IiJ8RiyY=
-13,7,8Bd/sRbkyVVwHdKcLWId6+DggGI=,8Jvi9mnsXZkVyJ5Dwj9IiJ8RiyY=
-7,1,Bbb+mHK2aYyskRgEmHLHgAzQRsE=,3wHX3nCTKWNmmGqEBwG9A02gE1w=
-7,2,Bbb+mHK2aYyskRgEmHLHgAzQRsE=,EOCd79x3AwytwIDWTho75WgDz4g=
-7,0,/8ZTklrm5UHAgHuS4DrT5HE6bhs=,3wHX3nCTKWNmmGqEBwG9A02gE1w=
-16,6,8Bd/sRbkyVVwHdKcLWId6+DggGI=,IEpEW6T3+iu2+eoFZ7sS2jq7LA4=
-6,2,Bbb+mHK2aYyskRgEmHLHgAzQRsE=,U8KMeJip2w9iKIgfjc2u7NkGj7I=
-6,1,Bbb+mHK2aYyskRgEmHLHgAzQRsE=,Aee13aqnVbIqbHmj5SjlM8ccB3w=
-5,1,Bbb+mHK2aYyskRgEmHLHgAzQRsE=,Aee13aqnVbIqbHmj5SjlM8ccB3w=
-4,0,/8ZTklrm5UHAgHuS4DrT5HE6bhs=,flpzTVqAN6HvQt9fncVAMY8w/wo=
-5,0,ATkrFRwDyGcN9Y4d7HUWu5a4P1E=,Aee13aqnVbIqbHmj5SjlM8ccB3w=
-4,2,Bbb+mHK2aYyskRgEmHLHgAzQRsE=,rvFrJImLSlxmvdvIQJsriA5NI7U=
-12,0,/8ZTklrm5UHAgHuS4DrT5HE6bhs=,/Rt42XdCbLNWBC4X0gUwnNylmVU=
-4,1,Bbb+mHK2aYyskRgEmHLHgAzQRsE=,flpzTVqAN6HvQt9fncVAMY8w/wo=
-13,0,/8ZTklrm5UHAgHuS4DrT5HE6bhs=,T31RKlL9jaZ/mWkDLsSRTXzLozc=
-5,2,Bbb+mHK2aYyskRgEmHLHgAzQRsE=,U8KMeJip2w9iKIgfjc2u7NkGj7I=
-15,0,8Bd/sRbkyVVwHdKcLWId6+DggGI=,SFucy9ZMnOTdovMvFtNo9UAAEyc=
-16,0,8Bd/sRbkyVVwHdKcLWId6+DggGI=,SFucy9ZMnOTdovMvFtNo9UAAEyc=
-10,12,8Bd/sRbkyVVwHdKcLWId6+DggGI=,QzsPWpUn5hNkbToX4PF3dSrp3Gw=
-12,12,8Bd/sRbkyVVwHdKcLWId6+DggGI=,X/Na9x0WKcYEFCzSJfg+tU2xFuo=
-11,12,8Bd/sRbkyVVwHdKcLWId6+DggGI=,X/Na9x0WKcYEFCzSJfg+tU2xFuo=
-13,9,8Bd/sRbkyVVwHdKcLWId6+DggGI=,8Jvi9mnsXZkVyJ5Dwj9IiJ8RiyY=
-9,12,8Bd/sRbkyVVwHdKcLWId6+DggGI=,QzsPWpUn5hNkbToX4PF3dSrp3Gw=
-8,10,8Bd/sRbkyVVwHdKcLWId6+DggGI=,iot3jfWr0PfIgyDZzLH0E4t2WHc=
-14,0,/8ZTklrm5UHAgHuS4DrT5HE6bhs=,T31RKlL9jaZ/mWkDLsSRTXzLozc=
-8,12,8Bd/sRbkyVVwHdKcLWId6+DggGI=,7Ojz7DQFX7QiaszJVkEiVwcOiIo=
-8,11,8Bd/sRbkyVVwHdKcLWId6+DggGI=,iot3jfWr0PfIgyDZzLH0E4t2WHc=
-9,15,8Bd/sRbkyVVwHdKcLWId6+DggGI=,r7Bw0bMC4wr6FcQGlu9rhaXIYlE=
-8,0,/8ZTklrm5UHAgHuS4DrT5HE6bhs=,3wHX3nCTKWNmmGqEBwG9A02gE1w=
-10,0,/8ZTklrm5UHAgHuS4DrT5HE6bhs=,sDNrRIV3ciYP0NfDGoVD6AGZiFw=
-9,0,/8ZTklrm5UHAgHuS4DrT5HE6bhs=,sDNrRIV3ciYP0NfDGoVD6AGZiFw=
-11,0,/8ZTklrm5UHAgHuS4DrT5HE6bhs=,/Rt42XdCbLNWBC4X0gUwnNylmVU=
-2,0,ATkrFRwDyGcN9Y4d7HUWu5a4P1E=,xtPWrTOh4HcXAUZYmMW2m29b5I0=
-3,1,/8ZTklrm5UHAgHuS4DrT5HE6bhs=,flpzTVqAN6HvQt9fncVAMY8w/wo=
-1,1,/8ZTklrm5UHAgHuS4DrT5HE6bhs=,xtPWrTOh4HcXAUZYmMW2m29b5I0=
-3,0,ATkrFRwDyGcN9Y4d7HUWu5a4P1E=,flpzTVqAN6HvQt9fncVAMY8w/wo=
-2,1,/8ZTklrm5UHAgHuS4DrT5HE6bhs=,xtPWrTOh4HcXAUZYmMW2m29b5I0=
-1,0,ATkrFRwDyGcN9Y4d7HUWu5a4P1E=,xtPWrTOh4HcXAUZYmMW2m29b5I0=
-1,2,/8ZTklrm5UHAgHuS4DrT5HE6bhs=,PGCv10NntPs/EXzT2I6hd0NJF6Y=
-2,2,/8ZTklrm5UHAgHuS4DrT5HE6bhs=,PGCv10NntPs/EXzT2I6hd0NJF6Y=
-3,2,/8ZTklrm5UHAgHuS4DrT5HE6bhs=,rvFrJImLSlxmvdvIQJsriA5NI7U=
-7,28,WkW4N690ks243SzDs0OglGH20zA=,4aGiVqqkV/oZtorpMFriJxJbHro=
-6,27,WkW4N690ks243SzDs0OglGH20zA=,rvJaIZthtDn3PCbu3QsWfduypps=
-6,28,WkW4N690ks243SzDs0OglGH20zA=,vlOfeM4jhenCQZdxAhOLFNzhk9E=
-7,27,WkW4N690ks243SzDs0OglGH20zA=,Z0NXi7PXMpfsJA1axQRD/MJpau0=
-5,27,spo0Il0I4gE1VxNk4mk+sbdeNsU=,rvJaIZthtDn3PCbu3QsWfduypps=
-5,28,spo0Il0I4gE1VxNk4mk+sbdeNsU=,vlOfeM4jhenCQZdxAhOLFNzhk9E=
-8,28,f/Pm6bQFi6dYMrlq1twDK/GEagI=,4aGiVqqkV/oZtorpMFriJxJbHro=
-9,28,f/Pm6bQFi6dYMrlq1twDK/GEagI=,zL828XngffTak5F/obQSZeRIdSk=
-8,27,f/Pm6bQFi6dYMrlq1twDK/GEagI=,Z0NXi7PXMpfsJA1axQRD/MJpau0=
-6,26,f/Pm6bQFi6dYMrlq1twDK/GEagI=,rvJaIZthtDn3PCbu3QsWfduypps=
-7,26,f/Pm6bQFi6dYMrlq1twDK/GEagI=,Z0NXi7PXMpfsJA1axQRD/MJpau0=
-5,26,WkW4N690ks243SzDs0OglGH20zA=,rvJaIZthtDn3PCbu3QsWfduypps=
-8,26,f/Pm6bQFi6dYMrlq1twDK/GEagI=,Z0NXi7PXMpfsJA1axQRD/MJpau0=
-10,28,f/Pm6bQFi6dYMrlq1twDK/GEagI=,zL828XngffTak5F/obQSZeRIdSk=
-10,31,f/Pm6bQFi6dYMrlq1twDK/GEagI=,OxLQKmkI2zAoonhHpO4xDhON33Q=
-10,30,f/Pm6bQFi6dYMrlq1twDK/GEagI=,OxLQKmkI2zAoonhHpO4xDhON33Q=
-10,29,f/Pm6bQFi6dYMrlq1twDK/GEagI=,zL828XngffTak5F/obQSZeRIdSk=
-9,31,f/Pm6bQFi6dYMrlq1twDK/GEagI=,OxLQKmkI2zAoonhHpO4xDhON33Q=
-8,31,f/Pm6bQFi6dYMrlq1twDK/GEagI=,ggBgOqYZA7ID6sxss8zGf2bagVE=
-9,30,f/Pm6bQFi6dYMrlq1twDK/GEagI=,OxLQKmkI2zAoonhHpO4xDhON33Q=
-9,29,f/Pm6bQFi6dYMrlq1twDK/GEagI=,zL828XngffTak5F/obQSZeRIdSk=
-8,29,f/Pm6bQFi6dYMrlq1twDK/GEagI=,4aGiVqqkV/oZtorpMFriJxJbHro=
-5,30,f/Pm6bQFi6dYMrlq1twDK/GEagI=,lXG8ej4FE8CuoF+FI1wtuRIBZQQ=
-8,30,f/Pm6bQFi6dYMrlq1twDK/GEagI=,ggBgOqYZA7ID6sxss8zGf2bagVE=
-7,31,f/Pm6bQFi6dYMrlq1twDK/GEagI=,ggBgOqYZA7ID6sxss8zGf2bagVE=
-7,30,f/Pm6bQFi6dYMrlq1twDK/GEagI=,ggBgOqYZA7ID6sxss8zGf2bagVE=
-6,30,f/Pm6bQFi6dYMrlq1twDK/GEagI=,lXG8ej4FE8CuoF+FI1wtuRIBZQQ=
-5,29,f/Pm6bQFi6dYMrlq1twDK/GEagI=,vlOfeM4jhenCQZdxAhOLFNzhk9E=
-5,31,f/Pm6bQFi6dYMrlq1twDK/GEagI=,lXG8ej4FE8CuoF+FI1wtuRIBZQQ=
-7,29,f/Pm6bQFi6dYMrlq1twDK/GEagI=,4aGiVqqkV/oZtorpMFriJxJbHro=
-6,31,f/Pm6bQFi6dYMrlq1twDK/GEagI=,lXG8ej4FE8CuoF+FI1wtuRIBZQQ=
-6,29,f/Pm6bQFi6dYMrlq1twDK/GEagI=,vlOfeM4jhenCQZdxAhOLFNzhk9E=
-3,11,tKqM5qJssL2pjxm45wbRDhwugWY=,4+IZjiM7RQkj34S9Tedl4WfIV8s=
-4,11,tKqM5qJssL2pjxm45wbRDhwugWY=,4+IZjiM7RQkj34S9Tedl4WfIV8s=
-3,10,HTqdv7X+Q2qlJkjhaD0dQYWNlmY=,4+IZjiM7RQkj34S9Tedl4WfIV8s=
-4,10,tKqM5qJssL2pjxm45wbRDhwugWY=,4+IZjiM7RQkj34S9Tedl4WfIV8s=
-4,28,spo0Il0I4gE1VxNk4mk+sbdeNsU=,sDno8uJiuNhbMZwgeXIKLIURyd8=
-4,27,spo0Il0I4gE1VxNk4mk+sbdeNsU=,sDno8uJiuNhbMZwgeXIKLIURyd8=
-5,25,WkW4N690ks243SzDs0OglGH20zA=,KIofDcGSXntO3rSQKkaifY84Fz0=
-4,26,WkW4N690ks243SzDs0OglGH20zA=,sDno8uJiuNhbMZwgeXIKLIURyd8=
-4,25,WkW4N690ks243SzDs0OglGH20zA=,1CcTV9qhuocUL8nXt3YzXiyWOJ0=
-7,25,f/Pm6bQFi6dYMrlq1twDK/GEagI=,EOCd79x3AwytwIDWTho75WgDz4g=
-6,25,f/Pm6bQFi6dYMrlq1twDK/GEagI=,KIofDcGSXntO3rSQKkaifY84Fz0=
-4,23,f/Pm6bQFi6dYMrlq1twDK/GEagI=,hQeEdPnNiiN7sK+XeIrw59pe2bI=
-5,24,f/Pm6bQFi6dYMrlq1twDK/GEagI=,KIofDcGSXntO3rSQKkaifY84Fz0=
-4,24,f/Pm6bQFi6dYMrlq1twDK/GEagI=,1CcTV9qhuocUL8nXt3YzXiyWOJ0=
-4,29,f/Pm6bQFi6dYMrlq1twDK/GEagI=,sDno8uJiuNhbMZwgeXIKLIURyd8=
-3,27,f/Pm6bQFi6dYMrlq1twDK/GEagI=,sDno8uJiuNhbMZwgeXIKLIURyd8=
-2,27,f/Pm6bQFi6dYMrlq1twDK/GEagI=,lsgdfSdM1M8o+/6m56d6VWvZoKo=
-3,28,f/Pm6bQFi6dYMrlq1twDK/GEagI=,sDno8uJiuNhbMZwgeXIKLIURyd8=
-8,25,f/Pm6bQFi6dYMrlq1twDK/GEagI=,EOCd79x3AwytwIDWTho75WgDz4g=
-7,24,f/Pm6bQFi6dYMrlq1twDK/GEagI=,EOCd79x3AwytwIDWTho75WgDz4g=
-6,24,f/Pm6bQFi6dYMrlq1twDK/GEagI=,KIofDcGSXntO3rSQKkaifY84Fz0=
-3,29,f/Pm6bQFi6dYMrlq1twDK/GEagI=,sDno8uJiuNhbMZwgeXIKLIURyd8=
-4,22,f/Pm6bQFi6dYMrlq1twDK/GEagI=,hQeEdPnNiiN7sK+XeIrw59pe2bI=
-8,24,f/Pm6bQFi6dYMrlq1twDK/GEagI=,EOCd79x3AwytwIDWTho75WgDz4g=
-1,27,f/Pm6bQFi6dYMrlq1twDK/GEagI=,lsgdfSdM1M8o+/6m56d6VWvZoKo=
-2,26,f/Pm6bQFi6dYMrlq1twDK/GEagI=,lsgdfSdM1M8o+/6m56d6VWvZoKo=
-1,26,f/Pm6bQFi6dYMrlq1twDK/GEagI=,lsgdfSdM1M8o+/6m56d6VWvZoKo=
-3,26,f/Pm6bQFi6dYMrlq1twDK/GEagI=,sDno8uJiuNhbMZwgeXIKLIURyd8=
-3,25,f/Pm6bQFi6dYMrlq1twDK/GEagI=,1CcTV9qhuocUL8nXt3YzXiyWOJ0=
-3,24,Xd4SBZrcr5HwPBLgY8DGw65WQcg=,1CcTV9qhuocUL8nXt3YzXiyWOJ0=
-3,22,Xd4SBZrcr5HwPBLgY8DGw65WQcg=,hQeEdPnNiiN7sK+XeIrw59pe2bI=
-3,23,Xd4SBZrcr5HwPBLgY8DGw65WQcg=,hQeEdPnNiiN7sK+XeIrw59pe2bI=
