117185,117184,/AfB8XkBL7VaDQ0xD2F0gZqfvKM=,iqD/qJP/ybRwg3CknPvJSu6DG0k=
117189,117188,/AfB8XkBL7VaDQ0xD2F0gZqfvKM=,3z/52ho4dFHmF/m0tUGIw9yeJ3k=
117189,117189,/AfB8XkBL7VaDQ0xD2F0gZqfvKM=,3z/52ho4dFHmF/m0tUGIw9yeJ3k=
117189,117187,/AfB8XkBL7VaDQ0xD2F0gZqfvKM=,baFcxpKz6FkHTX5Js6AY70+xFmM=
117187,117184,/AfB8XkBL7VaDQ0xD2F0gZqfvKM=,bzkQPrDU3Iv541p30boSm9kfwh4=
117188,117184,/AfB8XkBL7VaDQ0xD2F0gZqfvKM=,LgKpbP9UwVFEjCNwxEfyy06wg1Y=
117189,117186,/AfB8XkBL7VaDQ0xD2F0gZqfvKM=,baFcxpKz6FkHTX5Js6AY70+xFmM=
117189,117185,/AfB8XkBL7VaDQ0xD2F0gZqfvKM=,LgKpbP9UwVFEjCNwxEfyy06wg1Y=
117189,117184,/AfB8XkBL7VaDQ0xD2F0gZqfvKM=,LgKpbP9UwVFEjCNwxEfyy06wg1Y=
117184,117186,/AfB8XkBL7VaDQ0xD2F0gZqfvKM=,SjpriwgLNEWJjG/pn/yNkRnvxAk=
117184,117185,/AfB8XkBL7VaDQ0xD2F0gZqfvKM=,iqD/qJP/ybRwg3CknPvJSu6DG0k=
117184,117188,/AfB8XkBL7VaDQ0xD2F0gZqfvKM=,bzkQPrDU3Iv541p30boSm9kfwh4=
117184,117187,/AfB8XkBL7VaDQ0xD2F0gZqfvKM=,SjpriwgLNEWJjG/pn/yNkRnvxAk=
117184,117189,/AfB8XkBL7VaDQ0xD2F0gZqfvKM=,bzkQPrDU3Iv541p30boSm9kfwh4=
117184,117184,/AfB8XkBL7VaDQ0xD2F0gZqfvKM=,iqD/qJP/ybRwg3CknPvJSu6DG0k=
117186,117184,/AfB8XkBL7VaDQ0xD2F0gZqfvKM=,bzkQPrDU3Iv541p30boSm9kfwh4=
117187,117189,/AfB8XkBL7VaDQ0xD2F0gZqfvKM=,vav4v+JzzPIYBVvrR06QsXNj2WE=
117185,117189,/AfB8XkBL7VaDQ0xD2F0gZqfvKM=,bzkQPrDU3Iv541p30boSm9kfwh4=
117186,117189,/AfB8XkBL7VaDQ0xD2F0gZqfvKM=,vav4v+JzzPIYBVvrR06QsXNj2WE=
117188,117189,/AfB8XkBL7VaDQ0xD2F0gZqfvKM=,3z/52ho4dFHmF/m0tUGIw9yeJ3k=
117185,117187,/AfB8XkBL7VaDQ0xD2F0gZqfvKM=,SjpriwgLNEWJjG/pn/yNkRnvxAk=
117186,117188,/AfB8XkBL7VaDQ0xD2F0gZqfvKM=,vav4v+JzzPIYBVvrR06QsXNj2WE=
117188,117188,/AfB8XkBL7VaDQ0xD2F0gZqfvKM=,3z/52ho4dFHmF/m0tUGIw9yeJ3k=
117187,117185,/AfB8XkBL7VaDQ0xD2F0gZqfvKM=,bzkQPrDU3Iv541p30boSm9kfwh4=
117187,117188,/AfB8XkBL7VaDQ0xD2F0gZqfvKM=,vav4v+JzzPIYBVvrR06QsXNj2WE=
117187,117186,/AfB8XkBL7VaDQ0xD2F0gZqfvKM=,vav4v+JzzPIYBVvrR06QsXNj2WE=
117186,117186,/AfB8XkBL7VaDQ0xD2F0gZqfvKM=,vav4v+JzzPIYBVvrR06QsXNj2WE=
117188,117186,/AfB8XkBL7VaDQ0xD2F0gZqfvKM=,baFcxpKz6FkHTX5Js6AY70+xFmM=
117188,117187,/AfB8XkBL7VaDQ0xD2F0gZqfvKM=,baFcxpKz6FkHTX5Js6AY70+xFmM=
117185,117185,/AfB8XkBL7VaDQ0xD2F0gZqfvKM=,iqD/qJP/ybRwg3CknPvJSu6DG0k=
117188,117185,/AfB8XkBL7VaDQ0xD2F0gZqfvKM=,LgKpbP9UwVFEjCNwxEfyy06wg1Y=
117186,117187,/AfB8XkBL7VaDQ0xD2F0gZqfvKM=,vav4v+JzzPIYBVvrR06QsXNj2WE=
117185,117188,/AfB8XkBL7VaDQ0xD2F0gZqfvKM=,bzkQPrDU3Iv541p30boSm9kfwh4=
117186,117185,/AfB8XkBL7VaDQ0xD2F0gZqfvKM=,bzkQPrDU3Iv541p30boSm9kfwh4=
117185,117186,/AfB8XkBL7VaDQ0xD2F0gZqfvKM=,SjpriwgLNEWJjG/pn/yNkRnvxAk=
117187,117187,/AfB8XkBL7VaDQ0xD2F0gZqfvKM=,vav4v+JzzPIYBVvrR06QsXNj2WE=
