-51,30,W0blweM0K0WIvGtVv7QmtLRA1do=,J2KlkkGbNEpMzPV5nlPK4oAaSc8=
-50,30,W0blweM0K0WIvGtVv7QmtLRA1do=,UnJtjIL7+kPxkBFYGwU7jdIoGMw=
-51,29,W0blweM0K0WIvGtVv7QmtLRA1do=,6vw4UwpLrtdpD+QT+qkLB3r16jw=
-50,29,W0blweM0K0WIvGtVv7QmtLRA1do=,5RmElGTAmwmgLGwoC5Te55HoAKc=
-52,28,W0blweM0K0WIvGtVv7QmtLRA1do=,6vw4UwpLrtdpD+QT+qkLB3r16jw=
-53,27,W0blweM0K0WIvGtVv7QmtLRA1do=,J2KlkkGbNEpMzPV5nlPK4oAaSc8=
-52,27,W0blweM0K0WIvGtVv7QmtLRA1do=,yN5oAH4Gtv61TURR8TSNAm5A5TQ=
-53,28,W0blweM0K0WIvGtVv7QmtLRA1do=,ZJQ/KXBfMlaDlWvUoBueP+bvJTk=
-52,30,W0blweM0K0WIvGtVv7QmtLRA1do=,J2KlkkGbNEpMzPV5nlPK4oAaSc8=
-54,28,W0blweM0K0WIvGtVv7QmtLRA1do=,ZJQ/KXBfMlaDlWvUoBueP+bvJTk=
-53,30,W0blweM0K0WIvGtVv7QmtLRA1do=,SRDQbAwTFvy0PLtHHAKWXupcl1k=
-58,31,W0blweM0K0WIvGtVv7QmtLRA1do=,CjwSVS5nv6dCBK2P1XoonXZe5ps=
-59,31,W0blweM0K0WIvGtVv7QmtLRA1do=,pg7shi75lf1V+a5QMmPfOmHO6mo=
-53,29,W0blweM0K0WIvGtVv7QmtLRA1do=,ZJQ/KXBfMlaDlWvUoBueP+bvJTk=
-52,29,W0blweM0K0WIvGtVv7QmtLRA1do=,6vw4UwpLrtdpD+QT+qkLB3r16jw=
-54,27,W0blweM0K0WIvGtVv7QmtLRA1do=,J2KlkkGbNEpMzPV5nlPK4oAaSc8=
-55,27,W0blweM0K0WIvGtVv7QmtLRA1do=,hQ6Lz42BBfgqqd8x1fgZWY85zyQ=
-51,31,W0blweM0K0WIvGtVv7QmtLRA1do=,J2KlkkGbNEpMzPV5nlPK4oAaSc8=
-50,31,W0blweM0K0WIvGtVv7QmtLRA1do=,UnJtjIL7+kPxkBFYGwU7jdIoGMw=
-52,31,W0blweM0K0WIvGtVv7QmtLRA1do=,J2KlkkGbNEpMzPV5nlPK4oAaSc8=
-53,31,W0blweM0K0WIvGtVv7QmtLRA1do=,SRDQbAwTFvy0PLtHHAKWXupcl1k=
-55,28,W0blweM0K0WIvGtVv7QmtLRA1do=,cZhqRALZobG6QMQk5WOXsrgstV4=
-56,27,W0blweM0K0WIvGtVv7QmtLRA1do=,hQ6Lz42BBfgqqd8x1fgZWY85zyQ=
-57,28,W0blweM0K0WIvGtVv7QmtLRA1do=,TxkHGaSerb3IejNvl5pKh922VCc=
-56,28,W0blweM0K0WIvGtVv7QmtLRA1do=,cZhqRALZobG6QMQk5WOXsrgstV4=
-54,26,W0blweM0K0WIvGtVv7QmtLRA1do=,J2KlkkGbNEpMzPV5nlPK4oAaSc8=
-55,26,W0blweM0K0WIvGtVv7QmtLRA1do=,hQ6Lz42BBfgqqd8x1fgZWY85zyQ=
-53,26,W0blweM0K0WIvGtVv7QmtLRA1do=,J2KlkkGbNEpMzPV5nlPK4oAaSc8=
-52,26,W0blweM0K0WIvGtVv7QmtLRA1do=,yN5oAH4Gtv61TURR8TSNAm5A5TQ=
-56,26,W0blweM0K0WIvGtVv7QmtLRA1do=,hQ6Lz42BBfgqqd8x1fgZWY85zyQ=
-58,30,W0blweM0K0WIvGtVv7QmtLRA1do=,CjwSVS5nv6dCBK2P1XoonXZe5ps=
-58,29,W0blweM0K0WIvGtVv7QmtLRA1do=,TxkHGaSerb3IejNvl5pKh922VCc=
-59,30,W0blweM0K0WIvGtVv7QmtLRA1do=,pg7shi75lf1V+a5QMmPfOmHO6mo=
-60,31,W0blweM0K0WIvGtVv7QmtLRA1do=,pg7shi75lf1V+a5QMmPfOmHO6mo=
-49,31,W0blweM0K0WIvGtVv7QmtLRA1do=,UnJtjIL7+kPxkBFYGwU7jdIoGMw=
-58,28,W0blweM0K0WIvGtVv7QmtLRA1do=,TxkHGaSerb3IejNvl5pKh922VCc=
-49,30,W0blweM0K0WIvGtVv7QmtLRA1do=,UnJtjIL7+kPxkBFYGwU7jdIoGMw=
-60,30,W0blweM0K0WIvGtVv7QmtLRA1do=,pg7shi75lf1V+a5QMmPfOmHO6mo=
-49,29,W0blweM0K0WIvGtVv7QmtLRA1do=,5RmElGTAmwmgLGwoC5Te55HoAKc=
-57,29,W0blweM0K0WIvGtVv7QmtLRA1do=,TxkHGaSerb3IejNvl5pKh922VCc=
-57,31,W0blweM0K0WIvGtVv7QmtLRA1do=,CjwSVS5nv6dCBK2P1XoonXZe5ps=
-56,29,W0blweM0K0WIvGtVv7QmtLRA1do=,cZhqRALZobG6QMQk5WOXsrgstV4=
-54,29,W0blweM0K0WIvGtVv7QmtLRA1do=,ZJQ/KXBfMlaDlWvUoBueP+bvJTk=
-57,30,W0blweM0K0WIvGtVv7QmtLRA1do=,CjwSVS5nv6dCBK2P1XoonXZe5ps=
-54,31,W0blweM0K0WIvGtVv7QmtLRA1do=,SRDQbAwTFvy0PLtHHAKWXupcl1k=
-56,30,W0blweM0K0WIvGtVv7QmtLRA1do=,IGZEu99GGeWdVoQGkDft6eLsANA=
-55,31,W0blweM0K0WIvGtVv7QmtLRA1do=,IGZEu99GGeWdVoQGkDft6eLsANA=
-56,31,W0blweM0K0WIvGtVv7QmtLRA1do=,IGZEu99GGeWdVoQGkDft6eLsANA=
-54,30,W0blweM0K0WIvGtVv7QmtLRA1do=,SRDQbAwTFvy0PLtHHAKWXupcl1k=
-51,26,W0blweM0K0WIvGtVv7QmtLRA1do=,yN5oAH4Gtv61TURR8TSNAm5A5TQ=
-49,26,W0blweM0K0WIvGtVv7QmtLRA1do=,ET+zQeR/RJLpTX/dcSq7xIqQemA=
-49,27,W0blweM0K0WIvGtVv7QmtLRA1do=,ET+zQeR/RJLpTX/dcSq7xIqQemA=
-50,27,W0blweM0K0WIvGtVv7QmtLRA1do=,ET+zQeR/RJLpTX/dcSq7xIqQemA=
-55,29,W0blweM0K0WIvGtVv7QmtLRA1do=,cZhqRALZobG6QMQk5WOXsrgstV4=
-51,27,W0blweM0K0WIvGtVv7QmtLRA1do=,yN5oAH4Gtv61TURR8TSNAm5A5TQ=
-50,28,W0blweM0K0WIvGtVv7QmtLRA1do=,5RmElGTAmwmgLGwoC5Te55HoAKc=
-49,28,W0blweM0K0WIvGtVv7QmtLRA1do=,5RmElGTAmwmgLGwoC5Te55HoAKc=
-51,28,W0blweM0K0WIvGtVv7QmtLRA1do=,6vw4UwpLrtdpD+QT+qkLB3r16jw=
-55,30,W0blweM0K0WIvGtVv7QmtLRA1do=,IGZEu99GGeWdVoQGkDft6eLsANA=
-50,26,W0blweM0K0WIvGtVv7QmtLRA1do=,ET+zQeR/RJLpTX/dcSq7xIqQemA=
-46,31,W0blweM0K0WIvGtVv7QmtLRA1do=,VN5+bfLqaBW7WtVkvvF6GaIiIvg=
-45,29,W0blweM0K0WIvGtVv7QmtLRA1do=,nJvFdBWFuKZJETMLcfN85N3IcGM=
-45,30,W0blweM0K0WIvGtVv7QmtLRA1do=,VN5+bfLqaBW7WtVkvvF6GaIiIvg=
-47,31,W0blweM0K0WIvGtVv7QmtLRA1do=,n29JZcOTYM3EprYPaQdvtVy7Of8=
-48,26,W0blweM0K0WIvGtVv7QmtLRA1do=,cOBY3a0kCAzmzh11O3uZEpc6tuM=
-47,26,W0blweM0K0WIvGtVv7QmtLRA1do=,cOBY3a0kCAzmzh11O3uZEpc6tuM=
-46,26,W0blweM0K0WIvGtVv7QmtLRA1do=,lG86OO7nS5j9+ur5cngx6L8c7yY=
-48,31,W0blweM0K0WIvGtVv7QmtLRA1do=,n29JZcOTYM3EprYPaQdvtVy7Of8=
-45,28,W0blweM0K0WIvGtVv7QmtLRA1do=,nJvFdBWFuKZJETMLcfN85N3IcGM=
-45,27,W0blweM0K0WIvGtVv7QmtLRA1do=,lG86OO7nS5j9+ur5cngx6L8c7yY=
-45,26,W0blweM0K0WIvGtVv7QmtLRA1do=,lG86OO7nS5j9+ur5cngx6L8c7yY=
-45,31,W0blweM0K0WIvGtVv7QmtLRA1do=,VN5+bfLqaBW7WtVkvvF6GaIiIvg=
-46,27,W0blweM0K0WIvGtVv7QmtLRA1do=,lG86OO7nS5j9+ur5cngx6L8c7yY=
-46,30,W0blweM0K0WIvGtVv7QmtLRA1do=,VN5+bfLqaBW7WtVkvvF6GaIiIvg=
-47,27,W0blweM0K0WIvGtVv7QmtLRA1do=,cOBY3a0kCAzmzh11O3uZEpc6tuM=
-46,28,W0blweM0K0WIvGtVv7QmtLRA1do=,nJvFdBWFuKZJETMLcfN85N3IcGM=
-47,30,W0blweM0K0WIvGtVv7QmtLRA1do=,n29JZcOTYM3EprYPaQdvtVy7Of8=
-46,29,W0blweM0K0WIvGtVv7QmtLRA1do=,nJvFdBWFuKZJETMLcfN85N3IcGM=
-48,30,W0blweM0K0WIvGtVv7QmtLRA1do=,n29JZcOTYM3EprYPaQdvtVy7Of8=
-47,28,W0blweM0K0WIvGtVv7QmtLRA1do=,bw1m+6b0512erJoC0s4mRQyJ/B8=
-48,27,W0blweM0K0WIvGtVv7QmtLRA1do=,cOBY3a0kCAzmzh11O3uZEpc6tuM=
-48,28,W0blweM0K0WIvGtVv7QmtLRA1do=,bw1m+6b0512erJoC0s4mRQyJ/B8=
-47,29,W0blweM0K0WIvGtVv7QmtLRA1do=,bw1m+6b0512erJoC0s4mRQyJ/B8=
-48,29,W0blweM0K0WIvGtVv7QmtLRA1do=,bw1m+6b0512erJoC0s4mRQyJ/B8=
