-18,35,YodLMqCixl38c7RfjGzUI6DKHs8=,wqBhRF968XnFjv04bQHKnqMhnbE=
-19,36,YodLMqCixl38c7RfjGzUI6DKHs8=,mRe+rjwOus/HD1CfdrPsUU+c0qQ=
-18,36,YodLMqCixl38c7RfjGzUI6DKHs8=,CWCiGoJw/xOZBl2MTYcB9WH8Elk=
-19,35,YodLMqCixl38c7RfjGzUI6DKHs8=,+oxWd5vvpBC2WZH/TfgdD9s5K90=
-19,38,YodLMqCixl38c7RfjGzUI6DKHs8=,+Eyob/AgMiLa2QqGCeir+HpWwhA=
-18,38,YodLMqCixl38c7RfjGzUI6DKHs8=,n0eG6q4m+6lDZxT/cCK15HgQbrc=
-18,37,YodLMqCixl38c7RfjGzUI6DKHs8=,CWCiGoJw/xOZBl2MTYcB9WH8Elk=
-19,37,YodLMqCixl38c7RfjGzUI6DKHs8=,mRe+rjwOus/HD1CfdrPsUU+c0qQ=
-20,38,YodLMqCixl38c7RfjGzUI6DKHs8=,+Eyob/AgMiLa2QqGCeir+HpWwhA=
-21,37,YodLMqCixl38c7RfjGzUI6DKHs8=,RU1FLr4nyTcqNJR3BeLm6unspO0=
-21,38,YodLMqCixl38c7RfjGzUI6DKHs8=,RU1FLr4nyTcqNJR3BeLm6unspO0=
-20,37,YodLMqCixl38c7RfjGzUI6DKHs8=,mRe+rjwOus/HD1CfdrPsUU+c0qQ=
-19,39,YodLMqCixl38c7RfjGzUI6DKHs8=,+Eyob/AgMiLa2QqGCeir+HpWwhA=
-18,39,YodLMqCixl38c7RfjGzUI6DKHs8=,n0eG6q4m+6lDZxT/cCK15HgQbrc=
-18,40,YodLMqCixl38c7RfjGzUI6DKHs8=,qk9wRRifl1VqiFIdD66XC8lunm4=
-18,42,YodLMqCixl38c7RfjGzUI6DKHs8=,ukxfOr5expC1zrtCEH9uUpHgIB8=
-18,41,YodLMqCixl38c7RfjGzUI6DKHs8=,qk9wRRifl1VqiFIdD66XC8lunm4=
-17,34,YodLMqCixl38c7RfjGzUI6DKHs8=,wqBhRF968XnFjv04bQHKnqMhnbE=
-17,35,YodLMqCixl38c7RfjGzUI6DKHs8=,wqBhRF968XnFjv04bQHKnqMhnbE=
-17,36,YodLMqCixl38c7RfjGzUI6DKHs8=,CWCiGoJw/xOZBl2MTYcB9WH8Elk=
-17,37,YodLMqCixl38c7RfjGzUI6DKHs8=,CWCiGoJw/xOZBl2MTYcB9WH8Elk=
-17,39,YodLMqCixl38c7RfjGzUI6DKHs8=,n0eG6q4m+6lDZxT/cCK15HgQbrc=
-17,40,YodLMqCixl38c7RfjGzUI6DKHs8=,qk9wRRifl1VqiFIdD66XC8lunm4=
-17,38,YodLMqCixl38c7RfjGzUI6DKHs8=,n0eG6q4m+6lDZxT/cCK15HgQbrc=
-17,42,YodLMqCixl38c7RfjGzUI6DKHs8=,ukxfOr5expC1zrtCEH9uUpHgIB8=
-17,41,YodLMqCixl38c7RfjGzUI6DKHs8=,qk9wRRifl1VqiFIdD66XC8lunm4=
-22,37,YodLMqCixl38c7RfjGzUI6DKHs8=,RU1FLr4nyTcqNJR3BeLm6unspO0=
-22,38,YodLMqCixl38c7RfjGzUI6DKHs8=,RU1FLr4nyTcqNJR3BeLm6unspO0=
-20,39,YodLMqCixl38c7RfjGzUI6DKHs8=,+Eyob/AgMiLa2QqGCeir+HpWwhA=
-21,39,YodLMqCixl38c7RfjGzUI6DKHs8=,RU1FLr4nyTcqNJR3BeLm6unspO0=
-22,39,YodLMqCixl38c7RfjGzUI6DKHs8=,RU1FLr4nyTcqNJR3BeLm6unspO0=
-17,43,YodLMqCixl38c7RfjGzUI6DKHs8=,ukxfOr5expC1zrtCEH9uUpHgIB8=
-18,43,YodLMqCixl38c7RfjGzUI6DKHs8=,ukxfOr5expC1zrtCEH9uUpHgIB8=
-19,32,YodLMqCixl38c7RfjGzUI6DKHs8=,yGdeUyr+8BNSEoHIQ2PEwbIAXGU=
-19,33,YodLMqCixl38c7RfjGzUI6DKHs8=,yGdeUyr+8BNSEoHIQ2PEwbIAXGU=
-18,34,YodLMqCixl38c7RfjGzUI6DKHs8=,wqBhRF968XnFjv04bQHKnqMhnbE=
-19,34,YodLMqCixl38c7RfjGzUI6DKHs8=,+oxWd5vvpBC2WZH/TfgdD9s5K90=
-22,36,YodLMqCixl38c7RfjGzUI6DKHs8=,RU1FLr4nyTcqNJR3BeLm6unspO0=
-22,35,YodLMqCixl38c7RfjGzUI6DKHs8=,WyBs3spANskox9JAcXNBKWddvSM=
-21,36,YodLMqCixl38c7RfjGzUI6DKHs8=,RU1FLr4nyTcqNJR3BeLm6unspO0=
-20,36,YodLMqCixl38c7RfjGzUI6DKHs8=,mRe+rjwOus/HD1CfdrPsUU+c0qQ=
-21,35,YodLMqCixl38c7RfjGzUI6DKHs8=,WyBs3spANskox9JAcXNBKWddvSM=
-20,35,YodLMqCixl38c7RfjGzUI6DKHs8=,+oxWd5vvpBC2WZH/TfgdD9s5K90=
-22,32,YodLMqCixl38c7RfjGzUI6DKHs8=,QmFRfwnezayYg+R/lkO6+2wgRDY=
-20,32,YodLMqCixl38c7RfjGzUI6DKHs8=,yGdeUyr+8BNSEoHIQ2PEwbIAXGU=
-21,32,YodLMqCixl38c7RfjGzUI6DKHs8=,QmFRfwnezayYg+R/lkO6+2wgRDY=
-22,34,YodLMqCixl38c7RfjGzUI6DKHs8=,WyBs3spANskox9JAcXNBKWddvSM=
-20,33,YodLMqCixl38c7RfjGzUI6DKHs8=,yGdeUyr+8BNSEoHIQ2PEwbIAXGU=
-21,33,YodLMqCixl38c7RfjGzUI6DKHs8=,QmFRfwnezayYg+R/lkO6+2wgRDY=
-22,33,YodLMqCixl38c7RfjGzUI6DKHs8=,QmFRfwnezayYg+R/lkO6+2wgRDY=
-21,34,YodLMqCixl38c7RfjGzUI6DKHs8=,WyBs3spANskox9JAcXNBKWddvSM=
-20,34,YodLMqCixl38c7RfjGzUI6DKHs8=,+oxWd5vvpBC2WZH/TfgdD9s5K90=
-3,39,6hFFAjUs9He83WnvCLBZAvMjGqE=,wYpYzzukYrnNfz/GTYtZP+FIOqQ=
-3,40,6hFFAjUs9He83WnvCLBZAvMjGqE=,w9hAO2cgxs+dqDppDhUERXAYJ20=
-2,39,6hFFAjUs9He83WnvCLBZAvMjGqE=,HJQt5OsLAbgOyWi58bZtqzRLC5Y=
-2,40,6hFFAjUs9He83WnvCLBZAvMjGqE=,BWIZHPC3UwFjqKPmf7UVl8rNECY=
-2,42,+bvhWaJhXRbDEZ0+hmQtPUdS1mo=,wLvI35orPGpT7Ful4dfBPeVEO6s=
-2,41,+bvhWaJhXRbDEZ0+hmQtPUdS1mo=,BWIZHPC3UwFjqKPmf7UVl8rNECY=
-3,41,+bvhWaJhXRbDEZ0+hmQtPUdS1mo=,w9hAO2cgxs+dqDppDhUERXAYJ20=
-3,42,+bvhWaJhXRbDEZ0+hmQtPUdS1mo=,ELorh/P/u+kWjLAFyLA/2xYig/0=
-4,44,6hFFAjUs9He83WnvCLBZAvMjGqE=,ELorh/P/u+kWjLAFyLA/2xYig/0=
-4,43,6hFFAjUs9He83WnvCLBZAvMjGqE=,ELorh/P/u+kWjLAFyLA/2xYig/0=
-4,41,6hFFAjUs9He83WnvCLBZAvMjGqE=,w9hAO2cgxs+dqDppDhUERXAYJ20=
-5,44,6hFFAjUs9He83WnvCLBZAvMjGqE=,BXjJ+DetZeJbFv2MPzfXk2jHilQ=
-5,41,6hFFAjUs9He83WnvCLBZAvMjGqE=,AsWtR5AV0tiSkt3hnSMmvQ8eiXo=
-5,43,6hFFAjUs9He83WnvCLBZAvMjGqE=,BXjJ+DetZeJbFv2MPzfXk2jHilQ=
-4,42,6hFFAjUs9He83WnvCLBZAvMjGqE=,ELorh/P/u+kWjLAFyLA/2xYig/0=
-5,42,6hFFAjUs9He83WnvCLBZAvMjGqE=,BXjJ+DetZeJbFv2MPzfXk2jHilQ=
-7,41,6hFFAjUs9He83WnvCLBZAvMjGqE=,KCJRYO2nhm5bwu9ILayY/SpYhr8=
-6,41,6hFFAjUs9He83WnvCLBZAvMjGqE=,AsWtR5AV0tiSkt3hnSMmvQ8eiXo=
-6,42,6hFFAjUs9He83WnvCLBZAvMjGqE=,BXjJ+DetZeJbFv2MPzfXk2jHilQ=
-7,42,6hFFAjUs9He83WnvCLBZAvMjGqE=,KBINu2herwd4Mras8ULVCzOJFMw=
-11,43,6hFFAjUs9He83WnvCLBZAvMjGqE=,QWKamzkgksRwW5QSajn4frKgvvc=
-10,44,6hFFAjUs9He83WnvCLBZAvMjGqE=,lOA0bXg7nth1zKsWJD2438E4tTQ=
-11,44,6hFFAjUs9He83WnvCLBZAvMjGqE=,6U3SEk5zTAYCwJfkmhLPumn6BRY=
-10,43,6hFFAjUs9He83WnvCLBZAvMjGqE=,SEyz64TI+y0/XrOUnmvwpIzuX2Y=
-13,44,+bvhWaJhXRbDEZ0+hmQtPUdS1mo=,0WF3PllIvlm2kWs5zlJtoZ6PjlU=
-13,43,+bvhWaJhXRbDEZ0+hmQtPUdS1mo=,jGfy6Aoo1w+hMcRnRmrN3zL4DuY=
-12,44,+bvhWaJhXRbDEZ0+hmQtPUdS1mo=,6U3SEk5zTAYCwJfkmhLPumn6BRY=
-12,43,+bvhWaJhXRbDEZ0+hmQtPUdS1mo=,QWKamzkgksRwW5QSajn4frKgvvc=
-14,42,+bvhWaJhXRbDEZ0+hmQtPUdS1mo=,jGfy6Aoo1w+hMcRnRmrN3zL4DuY=
-15,41,+bvhWaJhXRbDEZ0+hmQtPUdS1mo=,NPHb1RJo34T3XZx1zpOpLu1KFag=
-14,41,+bvhWaJhXRbDEZ0+hmQtPUdS1mo=,N+nPlUkURjBraj0SeS2WVeI/Fag=
-15,42,+bvhWaJhXRbDEZ0+hmQtPUdS1mo=,lmsU9+64UlaOvaW5S66hOKwvVFY=
-13,42,+bvhWaJhXRbDEZ0+hmQtPUdS1mo=,jGfy6Aoo1w+hMcRnRmrN3zL4DuY=
-13,40,+bvhWaJhXRbDEZ0+hmQtPUdS1mo=,N+nPlUkURjBraj0SeS2WVeI/Fag=
-12,40,+bvhWaJhXRbDEZ0+hmQtPUdS1mo=,ilrlkjKqrdfLPjU61zQAOEY50UM=
-13,39,+bvhWaJhXRbDEZ0+hmQtPUdS1mo=,vga7XjPfUPSDAXPaQGxZ5WTY3OQ=
-13,41,+bvhWaJhXRbDEZ0+hmQtPUdS1mo=,N+nPlUkURjBraj0SeS2WVeI/Fag=
-12,41,+bvhWaJhXRbDEZ0+hmQtPUdS1mo=,ilrlkjKqrdfLPjU61zQAOEY50UM=
-12,42,+bvhWaJhXRbDEZ0+hmQtPUdS1mo=,QWKamzkgksRwW5QSajn4frKgvvc=
-11,41,6hFFAjUs9He83WnvCLBZAvMjGqE=,ilrlkjKqrdfLPjU61zQAOEY50UM=
-8,41,6hFFAjUs9He83WnvCLBZAvMjGqE=,KCJRYO2nhm5bwu9ILayY/SpYhr8=
-9,41,6hFFAjUs9He83WnvCLBZAvMjGqE=,ehs7oyGWBPMhXnk3XKD3LfGEPmo=
-10,41,6hFFAjUs9He83WnvCLBZAvMjGqE=,ehs7oyGWBPMhXnk3XKD3LfGEPmo=
-8,42,6hFFAjUs9He83WnvCLBZAvMjGqE=,KBINu2herwd4Mras8ULVCzOJFMw=
-10,42,6hFFAjUs9He83WnvCLBZAvMjGqE=,SEyz64TI+y0/XrOUnmvwpIzuX2Y=
-9,42,6hFFAjUs9He83WnvCLBZAvMjGqE=,SEyz64TI+y0/XrOUnmvwpIzuX2Y=
-11,42,6hFFAjUs9He83WnvCLBZAvMjGqE=,QWKamzkgksRwW5QSajn4frKgvvc=
-14,44,+bvhWaJhXRbDEZ0+hmQtPUdS1mo=,0WF3PllIvlm2kWs5zlJtoZ6PjlU=
-15,43,+bvhWaJhXRbDEZ0+hmQtPUdS1mo=,lmsU9+64UlaOvaW5S66hOKwvVFY=
-16,42,+bvhWaJhXRbDEZ0+hmQtPUdS1mo=,lmsU9+64UlaOvaW5S66hOKwvVFY=
-14,43,+bvhWaJhXRbDEZ0+hmQtPUdS1mo=,jGfy6Aoo1w+hMcRnRmrN3zL4DuY=
-16,41,+bvhWaJhXRbDEZ0+hmQtPUdS1mo=,NPHb1RJo34T3XZx1zpOpLu1KFag=
-1,42,+bvhWaJhXRbDEZ0+hmQtPUdS1mo=,wLvI35orPGpT7Ful4dfBPeVEO6s=
-3,43,+bvhWaJhXRbDEZ0+hmQtPUdS1mo=,ELorh/P/u+kWjLAFyLA/2xYig/0=
-3,44,+bvhWaJhXRbDEZ0+hmQtPUdS1mo=,ELorh/P/u+kWjLAFyLA/2xYig/0=
-2,43,+bvhWaJhXRbDEZ0+hmQtPUdS1mo=,wLvI35orPGpT7Ful4dfBPeVEO6s=
-5,45,6hFFAjUs9He83WnvCLBZAvMjGqE=,BXjJ+DetZeJbFv2MPzfXk2jHilQ=
-4,45,6hFFAjUs9He83WnvCLBZAvMjGqE=,ELorh/P/u+kWjLAFyLA/2xYig/0=
-1,39,6hFFAjUs9He83WnvCLBZAvMjGqE=,HJQt5OsLAbgOyWi58bZtqzRLC5Y=
-1,41,+bvhWaJhXRbDEZ0+hmQtPUdS1mo=,BWIZHPC3UwFjqKPmf7UVl8rNECY=
-1,40,6hFFAjUs9He83WnvCLBZAvMjGqE=,BWIZHPC3UwFjqKPmf7UVl8rNECY=
-6,44,6hFFAjUs9He83WnvCLBZAvMjGqE=,BXjJ+DetZeJbFv2MPzfXk2jHilQ=
-16,39,+bvhWaJhXRbDEZ0+hmQtPUdS1mo=,OnH1ZILn2vPFGXCY99P+6TBW7TE=
-8,44,6hFFAjUs9He83WnvCLBZAvMjGqE=,KBINu2herwd4Mras8ULVCzOJFMw=
-7,44,6hFFAjUs9He83WnvCLBZAvMjGqE=,KBINu2herwd4Mras8ULVCzOJFMw=
-14,40,+bvhWaJhXRbDEZ0+hmQtPUdS1mo=,N+nPlUkURjBraj0SeS2WVeI/Fag=
-16,40,+bvhWaJhXRbDEZ0+hmQtPUdS1mo=,NPHb1RJo34T3XZx1zpOpLu1KFag=
-15,36,+bvhWaJhXRbDEZ0+hmQtPUdS1mo=,7+jnz0ZYG22Kksl0LnWf+WVnGpQ=
-7,45,6hFFAjUs9He83WnvCLBZAvMjGqE=,KBINu2herwd4Mras8ULVCzOJFMw=
-14,37,+bvhWaJhXRbDEZ0+hmQtPUdS1mo=,ltnSDjIuxiHVLmt4C6gWDMdWFrY=
-9,45,+bvhWaJhXRbDEZ0+hmQtPUdS1mo=,lOA0bXg7nth1zKsWJD2438E4tTQ=
-15,37,+bvhWaJhXRbDEZ0+hmQtPUdS1mo=,7+jnz0ZYG22Kksl0LnWf+WVnGpQ=
-16,35,+bvhWaJhXRbDEZ0+hmQtPUdS1mo=,zsjeG7LvgWCCPWRmQavpAHYyaos=
-16,36,+bvhWaJhXRbDEZ0+hmQtPUdS1mo=,7+jnz0ZYG22Kksl0LnWf+WVnGpQ=
-6,45,6hFFAjUs9He83WnvCLBZAvMjGqE=,BXjJ+DetZeJbFv2MPzfXk2jHilQ=
-14,38,+bvhWaJhXRbDEZ0+hmQtPUdS1mo=,vga7XjPfUPSDAXPaQGxZ5WTY3OQ=
-8,43,6hFFAjUs9He83WnvCLBZAvMjGqE=,KBINu2herwd4Mras8ULVCzOJFMw=
-8,45,+bvhWaJhXRbDEZ0+hmQtPUdS1mo=,KBINu2herwd4Mras8ULVCzOJFMw=
-14,36,+bvhWaJhXRbDEZ0+hmQtPUdS1mo=,ltnSDjIuxiHVLmt4C6gWDMdWFrY=
-14,39,+bvhWaJhXRbDEZ0+hmQtPUdS1mo=,vga7XjPfUPSDAXPaQGxZ5WTY3OQ=
-9,44,6hFFAjUs9He83WnvCLBZAvMjGqE=,lOA0bXg7nth1zKsWJD2438E4tTQ=
-6,43,6hFFAjUs9He83WnvCLBZAvMjGqE=,BXjJ+DetZeJbFv2MPzfXk2jHilQ=
-15,35,+bvhWaJhXRbDEZ0+hmQtPUdS1mo=,zsjeG7LvgWCCPWRmQavpAHYyaos=
-16,37,+bvhWaJhXRbDEZ0+hmQtPUdS1mo=,7+jnz0ZYG22Kksl0LnWf+WVnGpQ=
-9,43,6hFFAjUs9He83WnvCLBZAvMjGqE=,SEyz64TI+y0/XrOUnmvwpIzuX2Y=
-15,40,+bvhWaJhXRbDEZ0+hmQtPUdS1mo=,NPHb1RJo34T3XZx1zpOpLu1KFag=
-1,38,6hFFAjUs9He83WnvCLBZAvMjGqE=,HJQt5OsLAbgOyWi58bZtqzRLC5Y=
-10,45,+bvhWaJhXRbDEZ0+hmQtPUdS1mo=,lOA0bXg7nth1zKsWJD2438E4tTQ=
-11,45,+bvhWaJhXRbDEZ0+hmQtPUdS1mo=,6U3SEk5zTAYCwJfkmhLPumn6BRY=
-3,38,6hFFAjUs9He83WnvCLBZAvMjGqE=,wYpYzzukYrnNfz/GTYtZP+FIOqQ=
-2,38,6hFFAjUs9He83WnvCLBZAvMjGqE=,HJQt5OsLAbgOyWi58bZtqzRLC5Y=
-5,40,6hFFAjUs9He83WnvCLBZAvMjGqE=,AsWtR5AV0tiSkt3hnSMmvQ8eiXo=
-4,39,6hFFAjUs9He83WnvCLBZAvMjGqE=,wYpYzzukYrnNfz/GTYtZP+FIOqQ=
-4,40,6hFFAjUs9He83WnvCLBZAvMjGqE=,w9hAO2cgxs+dqDppDhUERXAYJ20=
-4,38,6hFFAjUs9He83WnvCLBZAvMjGqE=,wYpYzzukYrnNfz/GTYtZP+FIOqQ=
-6,40,6hFFAjUs9He83WnvCLBZAvMjGqE=,AsWtR5AV0tiSkt3hnSMmvQ8eiXo=
-7,40,6hFFAjUs9He83WnvCLBZAvMjGqE=,KCJRYO2nhm5bwu9ILayY/SpYhr8=
-9,33,6hFFAjUs9He83WnvCLBZAvMjGqE=,xrjxtMnCgwNnyO3U+uPspQ3+OgY=
-13,45,+bvhWaJhXRbDEZ0+hmQtPUdS1mo=,0WF3PllIvlm2kWs5zlJtoZ6PjlU=
-8,33,6hFFAjUs9He83WnvCLBZAvMjGqE=,M20mtZK5NbjRs/A1zrzlAqod/t0=
-12,45,+bvhWaJhXRbDEZ0+hmQtPUdS1mo=,6U3SEk5zTAYCwJfkmhLPumn6BRY=
-14,45,+bvhWaJhXRbDEZ0+hmQtPUdS1mo=,0WF3PllIvlm2kWs5zlJtoZ6PjlU=
-13,37,+bvhWaJhXRbDEZ0+hmQtPUdS1mo=,ltnSDjIuxiHVLmt4C6gWDMdWFrY=
-13,38,+bvhWaJhXRbDEZ0+hmQtPUdS1mo=,vga7XjPfUPSDAXPaQGxZ5WTY3OQ=
-13,36,+bvhWaJhXRbDEZ0+hmQtPUdS1mo=,ltnSDjIuxiHVLmt4C6gWDMdWFrY=
-15,34,+bvhWaJhXRbDEZ0+hmQtPUdS1mo=,zsjeG7LvgWCCPWRmQavpAHYyaos=
-16,43,+bvhWaJhXRbDEZ0+hmQtPUdS1mo=,lmsU9+64UlaOvaW5S66hOKwvVFY=
-9,40,6hFFAjUs9He83WnvCLBZAvMjGqE=,ehs7oyGWBPMhXnk3XKD3LfGEPmo=
-11,40,+bvhWaJhXRbDEZ0+hmQtPUdS1mo=,ilrlkjKqrdfLPjU61zQAOEY50UM=
-8,40,6hFFAjUs9He83WnvCLBZAvMjGqE=,KCJRYO2nhm5bwu9ILayY/SpYhr8=
-1,43,+bvhWaJhXRbDEZ0+hmQtPUdS1mo=,wLvI35orPGpT7Ful4dfBPeVEO6s=
-10,33,+bvhWaJhXRbDEZ0+hmQtPUdS1mo=,xrjxtMnCgwNnyO3U+uPspQ3+OgY=
-3,45,+bvhWaJhXRbDEZ0+hmQtPUdS1mo=,ELorh/P/u+kWjLAFyLA/2xYig/0=
-16,34,+bvhWaJhXRbDEZ0+hmQtPUdS1mo=,zsjeG7LvgWCCPWRmQavpAHYyaos=
-10,32,+bvhWaJhXRbDEZ0+hmQtPUdS1mo=,xrjxtMnCgwNnyO3U+uPspQ3+OgY=
-10,40,+bvhWaJhXRbDEZ0+hmQtPUdS1mo=,ehs7oyGWBPMhXnk3XKD3LfGEPmo=
-15,38,+bvhWaJhXRbDEZ0+hmQtPUdS1mo=,OnH1ZILn2vPFGXCY99P+6TBW7TE=
-16,38,+bvhWaJhXRbDEZ0+hmQtPUdS1mo=,OnH1ZILn2vPFGXCY99P+6TBW7TE=
-9,32,6hFFAjUs9He83WnvCLBZAvMjGqE=,xrjxtMnCgwNnyO3U+uPspQ3+OgY=
-15,39,+bvhWaJhXRbDEZ0+hmQtPUdS1mo=,OnH1ZILn2vPFGXCY99P+6TBW7TE=
-7,33,6hFFAjUs9He83WnvCLBZAvMjGqE=,M20mtZK5NbjRs/A1zrzlAqod/t0=
-5,33,6hFFAjUs9He83WnvCLBZAvMjGqE=,wKd4mgFREGk0OdRaKlVMXUsOiLE=
-7,32,6hFFAjUs9He83WnvCLBZAvMjGqE=,M20mtZK5NbjRs/A1zrzlAqod/t0=
-6,33,6hFFAjUs9He83WnvCLBZAvMjGqE=,wKd4mgFREGk0OdRaKlVMXUsOiLE=
-5,32,6hFFAjUs9He83WnvCLBZAvMjGqE=,wKd4mgFREGk0OdRaKlVMXUsOiLE=
-6,32,6hFFAjUs9He83WnvCLBZAvMjGqE=,wKd4mgFREGk0OdRaKlVMXUsOiLE=
-7,43,6hFFAjUs9He83WnvCLBZAvMjGqE=,KBINu2herwd4Mras8ULVCzOJFMw=
-8,32,6hFFAjUs9He83WnvCLBZAvMjGqE=,M20mtZK5NbjRs/A1zrzlAqod/t0=
-4,34,6hFFAjUs9He83WnvCLBZAvMjGqE=,pBUTNcqIkYGcS6br4mZDj0t32nw=
-5,34,6hFFAjUs9He83WnvCLBZAvMjGqE=,Itnlf6ELd9qThl7H5u7kAvXFEjA=
-4,33,6hFFAjUs9He83WnvCLBZAvMjGqE=,KrPyOI7U2NfpZjSUqZArF65Ny2E=
-4,36,6hFFAjUs9He83WnvCLBZAvMjGqE=,pBUTNcqIkYGcS6br4mZDj0t32nw=
-4,35,6hFFAjUs9He83WnvCLBZAvMjGqE=,pBUTNcqIkYGcS6br4mZDj0t32nw=
-5,35,6hFFAjUs9He83WnvCLBZAvMjGqE=,Itnlf6ELd9qThl7H5u7kAvXFEjA=
-5,36,6hFFAjUs9He83WnvCLBZAvMjGqE=,Sau1rA7B9Xem7VTRqw6m+7YMN5w=
-4,37,6hFFAjUs9He83WnvCLBZAvMjGqE=,pBUTNcqIkYGcS6br4mZDj0t32nw=
-5,38,6hFFAjUs9He83WnvCLBZAvMjGqE=,68mDNBg17qTeK8YjbAtmJ1aLe0c=
-5,37,6hFFAjUs9He83WnvCLBZAvMjGqE=,Sau1rA7B9Xem7VTRqw6m+7YMN5w=
-5,39,6hFFAjUs9He83WnvCLBZAvMjGqE=,68mDNBg17qTeK8YjbAtmJ1aLe0c=
-9,39,6hFFAjUs9He83WnvCLBZAvMjGqE=,ehs7oyGWBPMhXnk3XKD3LfGEPmo=
-9,37,6hFFAjUs9He83WnvCLBZAvMjGqE=,ehs7oyGWBPMhXnk3XKD3LfGEPmo=
-9,38,6hFFAjUs9He83WnvCLBZAvMjGqE=,ehs7oyGWBPMhXnk3XKD3LfGEPmo=
-6,39,6hFFAjUs9He83WnvCLBZAvMjGqE=,68mDNBg17qTeK8YjbAtmJ1aLe0c=
-8,37,6hFFAjUs9He83WnvCLBZAvMjGqE=,ABtmU0uoFUJ+nnaTvYZviIeNsKU=
-8,39,6hFFAjUs9He83WnvCLBZAvMjGqE=,3fQ/3ZoZ+3HuZ36+ChgYzILeh2U=
-7,37,6hFFAjUs9He83WnvCLBZAvMjGqE=,ABtmU0uoFUJ+nnaTvYZviIeNsKU=
-7,39,6hFFAjUs9He83WnvCLBZAvMjGqE=,3fQ/3ZoZ+3HuZ36+ChgYzILeh2U=
-6,38,6hFFAjUs9He83WnvCLBZAvMjGqE=,68mDNBg17qTeK8YjbAtmJ1aLe0c=
-6,37,6hFFAjUs9He83WnvCLBZAvMjGqE=,Sau1rA7B9Xem7VTRqw6m+7YMN5w=
-8,38,6hFFAjUs9He83WnvCLBZAvMjGqE=,3fQ/3ZoZ+3HuZ36+ChgYzILeh2U=
-8,34,6hFFAjUs9He83WnvCLBZAvMjGqE=,tmw2xjLCLvdvG+RMfXiLxFBIpnI=
-9,36,6hFFAjUs9He83WnvCLBZAvMjGqE=,ehs7oyGWBPMhXnk3XKD3LfGEPmo=
-7,38,6hFFAjUs9He83WnvCLBZAvMjGqE=,3fQ/3ZoZ+3HuZ36+ChgYzILeh2U=
-8,35,6hFFAjUs9He83WnvCLBZAvMjGqE=,tmw2xjLCLvdvG+RMfXiLxFBIpnI=
-8,36,6hFFAjUs9He83WnvCLBZAvMjGqE=,ABtmU0uoFUJ+nnaTvYZviIeNsKU=
-7,35,6hFFAjUs9He83WnvCLBZAvMjGqE=,tmw2xjLCLvdvG+RMfXiLxFBIpnI=
-7,34,6hFFAjUs9He83WnvCLBZAvMjGqE=,tmw2xjLCLvdvG+RMfXiLxFBIpnI=
-6,36,6hFFAjUs9He83WnvCLBZAvMjGqE=,Sau1rA7B9Xem7VTRqw6m+7YMN5w=
-4,32,6hFFAjUs9He83WnvCLBZAvMjGqE=,KrPyOI7U2NfpZjSUqZArF65Ny2E=
-7,36,6hFFAjUs9He83WnvCLBZAvMjGqE=,ABtmU0uoFUJ+nnaTvYZviIeNsKU=
-6,35,6hFFAjUs9He83WnvCLBZAvMjGqE=,Itnlf6ELd9qThl7H5u7kAvXFEjA=
-6,34,6hFFAjUs9He83WnvCLBZAvMjGqE=,Itnlf6ELd9qThl7H5u7kAvXFEjA=
-3,37,6hFFAjUs9He83WnvCLBZAvMjGqE=,pBUTNcqIkYGcS6br4mZDj0t32nw=
-1,35,6hFFAjUs9He83WnvCLBZAvMjGqE=,RFrVau6FsvUOmBUaCStqejNn+6c=
-3,36,6hFFAjUs9He83WnvCLBZAvMjGqE=,pBUTNcqIkYGcS6br4mZDj0t32nw=
-2,35,6hFFAjUs9He83WnvCLBZAvMjGqE=,RFrVau6FsvUOmBUaCStqejNn+6c=
-3,35,6hFFAjUs9He83WnvCLBZAvMjGqE=,pBUTNcqIkYGcS6br4mZDj0t32nw=
-1,34,6hFFAjUs9He83WnvCLBZAvMjGqE=,RFrVau6FsvUOmBUaCStqejNn+6c=
-1,33,6hFFAjUs9He83WnvCLBZAvMjGqE=,GyE1WBYNTgv5tLDDGPFGIjYl8p0=
-1,32,6hFFAjUs9He83WnvCLBZAvMjGqE=,GyE1WBYNTgv5tLDDGPFGIjYl8p0=
-3,33,6hFFAjUs9He83WnvCLBZAvMjGqE=,KrPyOI7U2NfpZjSUqZArF65Ny2E=
-2,33,6hFFAjUs9He83WnvCLBZAvMjGqE=,GyE1WBYNTgv5tLDDGPFGIjYl8p0=
-3,34,6hFFAjUs9He83WnvCLBZAvMjGqE=,pBUTNcqIkYGcS6br4mZDj0t32nw=
-2,32,6hFFAjUs9He83WnvCLBZAvMjGqE=,GyE1WBYNTgv5tLDDGPFGIjYl8p0=
-2,34,6hFFAjUs9He83WnvCLBZAvMjGqE=,RFrVau6FsvUOmBUaCStqejNn+6c=
-3,32,6hFFAjUs9He83WnvCLBZAvMjGqE=,KrPyOI7U2NfpZjSUqZArF65Ny2E=
-10,39,+bvhWaJhXRbDEZ0+hmQtPUdS1mo=,ehs7oyGWBPMhXnk3XKD3LfGEPmo=
-10,38,+bvhWaJhXRbDEZ0+hmQtPUdS1mo=,ehs7oyGWBPMhXnk3XKD3LfGEPmo=
-10,37,+bvhWaJhXRbDEZ0+hmQtPUdS1mo=,ehs7oyGWBPMhXnk3XKD3LfGEPmo=
-10,36,+bvhWaJhXRbDEZ0+hmQtPUdS1mo=,ehs7oyGWBPMhXnk3XKD3LfGEPmo=
