44,32,kyI8P5BmK+ABkgY1ssr5NdNdTfo=,hWOD/Pd8Mu50asIOrC21V+BgECw=
44,33,kyI8P5BmK+ABkgY1ssr5NdNdTfo=,hWOD/Pd8Mu50asIOrC21V+BgECw=
47,35,kyI8P5BmK+ABkgY1ssr5NdNdTfo=,+qWwKRrax9IXwN7ntpTjdi+laRk=
46,35,kyI8P5BmK+ABkgY1ssr5NdNdTfo=,+qWwKRrax9IXwN7ntpTjdi+laRk=
46,33,kyI8P5BmK+ABkgY1ssr5NdNdTfo=,+qWwKRrax9IXwN7ntpTjdi+laRk=
45,33,kyI8P5BmK+ABkgY1ssr5NdNdTfo=,hWOD/Pd8Mu50asIOrC21V+BgECw=
47,34,kyI8P5BmK+ABkgY1ssr5NdNdTfo=,+qWwKRrax9IXwN7ntpTjdi+laRk=
47,33,kyI8P5BmK+ABkgY1ssr5NdNdTfo=,+qWwKRrax9IXwN7ntpTjdi+laRk=
45,32,kyI8P5BmK+ABkgY1ssr5NdNdTfo=,hWOD/Pd8Mu50asIOrC21V+BgECw=
46,34,kyI8P5BmK+ABkgY1ssr5NdNdTfo=,+qWwKRrax9IXwN7ntpTjdi+laRk=
46,32,kyI8P5BmK+ABkgY1ssr5NdNdTfo=,+qWwKRrax9IXwN7ntpTjdi+laRk=
47,32,kyI8P5BmK+ABkgY1ssr5NdNdTfo=,+qWwKRrax9IXwN7ntpTjdi+laRk=
61,44,1br0GRuq9M40Vwy432sBDK/e1ew=,KQ1JKRYJ0yyH+0OPSQyUKHCYAnM=
61,43,1br0GRuq9M40Vwy432sBDK/e1ew=,KQ1JKRYJ0yyH+0OPSQyUKHCYAnM=
61,42,kyI8P5BmK+ABkgY1ssr5NdNdTfo=,KQ1JKRYJ0yyH+0OPSQyUKHCYAnM=
62,43,1br0GRuq9M40Vwy432sBDK/e1ew=,Gz5MORmHLHfOpO6dopmYcZ2st+k=
61,41,kyI8P5BmK+ABkgY1ssr5NdNdTfo=,0PAw2tU6Ys8Ted4P0z5vo4zr3PM=
62,41,kyI8P5BmK+ABkgY1ssr5NdNdTfo=,tW88AEwCv1XnaYYk0shNAFhZqq0=
62,44,1br0GRuq9M40Vwy432sBDK/e1ew=,xO+beSUjJM/nZzg+Gi0jeYuoj5I=
62,42,kyI8P5BmK+ABkgY1ssr5NdNdTfo=,Gz5MORmHLHfOpO6dopmYcZ2st+k=
57,40,kyI8P5BmK+ABkgY1ssr5NdNdTfo=,dmrCD4W87oaj9TgIVmCr+e+KxwU=
57,39,kyI8P5BmK+ABkgY1ssr5NdNdTfo=,dmrCD4W87oaj9TgIVmCr+e+KxwU=
60,39,kyI8P5BmK+ABkgY1ssr5NdNdTfo=,dlpK8zd3X5jHc1SV/cjhnvC6JAw=
58,40,kyI8P5BmK+ABkgY1ssr5NdNdTfo=,m7okUbUDpGhz/DL9iHefoilJ2FY=
60,40,kyI8P5BmK+ABkgY1ssr5NdNdTfo=,0PAw2tU6Ys8Ted4P0z5vo4zr3PM=
59,40,kyI8P5BmK+ABkgY1ssr5NdNdTfo=,m7okUbUDpGhz/DL9iHefoilJ2FY=
59,39,kyI8P5BmK+ABkgY1ssr5NdNdTfo=,k7yHx8j28ZFsProq8ZwKd/RvBvA=
58,39,kyI8P5BmK+ABkgY1ssr5NdNdTfo=,k7yHx8j28ZFsProq8ZwKd/RvBvA=
58,37,kyI8P5BmK+ABkgY1ssr5NdNdTfo=,dmrCD4W87oaj9TgIVmCr+e+KxwU=
58,38,kyI8P5BmK+ABkgY1ssr5NdNdTfo=,k7yHx8j28ZFsProq8ZwKd/RvBvA=
57,37,kyI8P5BmK+ABkgY1ssr5NdNdTfo=,E0WqnCnDK4sGZIIxRzl6fH9e8jw=
57,38,kyI8P5BmK+ABkgY1ssr5NdNdTfo=,dmrCD4W87oaj9TgIVmCr+e+KxwU=
56,38,1br0GRuq9M40Vwy432sBDK/e1ew=,dmrCD4W87oaj9TgIVmCr+e+KxwU=
56,37,1br0GRuq9M40Vwy432sBDK/e1ew=,E0WqnCnDK4sGZIIxRzl6fH9e8jw=
55,37,1br0GRuq9M40Vwy432sBDK/e1ew=,PosLJSuru6VPmzt+6g0aS7ExTjc=
55,38,1br0GRuq9M40Vwy432sBDK/e1ew=,iQRRPbpDWYhX/bkq5PnHxbNbTrw=
56,35,1br0GRuq9M40Vwy432sBDK/e1ew=,7vN9kVxB50Gfh4qde7HQTttECXY=
55,36,1br0GRuq9M40Vwy432sBDK/e1ew=,PosLJSuru6VPmzt+6g0aS7ExTjc=
55,35,1br0GRuq9M40Vwy432sBDK/e1ew=,wLmHvgTPU6xjYMjEQVJq/9b+O90=
56,36,1br0GRuq9M40Vwy432sBDK/e1ew=,E0WqnCnDK4sGZIIxRzl6fH9e8jw=
50,35,1br0GRuq9M40Vwy432sBDK/e1ew=,8ECc5zsep7uOHWfQmrWcZWzAIWU=
49,35,1br0GRuq9M40Vwy432sBDK/e1ew=,vFGp6P2Er0sXyWAuPiITR28axM8=
50,36,1br0GRuq9M40Vwy432sBDK/e1ew=,8ECc5zsep7uOHWfQmrWcZWzAIWU=
53,32,1br0GRuq9M40Vwy432sBDK/e1ew=,surouIwmVkUaEzsYZVCtCjj9ZUk=
54,32,1br0GRuq9M40Vwy432sBDK/e1ew=,feB87v8WqdC8QpM0pj758zBeVyg=
62,46,1br0GRuq9M40Vwy432sBDK/e1ew=,xO+beSUjJM/nZzg+Gi0jeYuoj5I=
61,45,1br0GRuq9M40Vwy432sBDK/e1ew=,KQ1JKRYJ0yyH+0OPSQyUKHCYAnM=
62,45,1br0GRuq9M40Vwy432sBDK/e1ew=,xO+beSUjJM/nZzg+Gi0jeYuoj5I=
63,46,1br0GRuq9M40Vwy432sBDK/e1ew=,xO+beSUjJM/nZzg+Gi0jeYuoj5I=
55,32,1br0GRuq9M40Vwy432sBDK/e1ew=,feB87v8WqdC8QpM0pj758zBeVyg=
56,32,1br0GRuq9M40Vwy432sBDK/e1ew=,dnYH5ZpXPV3gzFv8pmdom3XHAQ8=
55,33,1br0GRuq9M40Vwy432sBDK/e1ew=,feB87v8WqdC8QpM0pj758zBeVyg=
56,34,1br0GRuq9M40Vwy432sBDK/e1ew=,7vN9kVxB50Gfh4qde7HQTttECXY=
56,33,1br0GRuq9M40Vwy432sBDK/e1ew=,dnYH5ZpXPV3gzFv8pmdom3XHAQ8=
60,38,1br0GRuq9M40Vwy432sBDK/e1ew=,dlpK8zd3X5jHc1SV/cjhnvC6JAw=
63,45,1br0GRuq9M40Vwy432sBDK/e1ew=,xO+beSUjJM/nZzg+Gi0jeYuoj5I=
59,37,1br0GRuq9M40Vwy432sBDK/e1ew=,dmrCD4W87oaj9TgIVmCr+e+KxwU=
60,37,1br0GRuq9M40Vwy432sBDK/e1ew=,dlpK8zd3X5jHc1SV/cjhnvC6JAw=
55,34,1br0GRuq9M40Vwy432sBDK/e1ew=,wLmHvgTPU6xjYMjEQVJq/9b+O90=
59,38,1br0GRuq9M40Vwy432sBDK/e1ew=,k7yHx8j28ZFsProq8ZwKd/RvBvA=
62,38,1br0GRuq9M40Vwy432sBDK/e1ew=,KQ1JKRYJ0yyH+0OPSQyUKHCYAnM=
61,37,1br0GRuq9M40Vwy432sBDK/e1ew=,dlpK8zd3X5jHc1SV/cjhnvC6JAw=
62,39,kyI8P5BmK+ABkgY1ssr5NdNdTfo=,KQ1JKRYJ0yyH+0OPSQyUKHCYAnM=
61,38,1br0GRuq9M40Vwy432sBDK/e1ew=,dlpK8zd3X5jHc1SV/cjhnvC6JAw=
61,39,kyI8P5BmK+ABkgY1ssr5NdNdTfo=,dlpK8zd3X5jHc1SV/cjhnvC6JAw=
62,40,kyI8P5BmK+ABkgY1ssr5NdNdTfo=,tW88AEwCv1XnaYYk0shNAFhZqq0=
57,35,1br0GRuq9M40Vwy432sBDK/e1ew=,7vN9kVxB50Gfh4qde7HQTttECXY=
58,34,1br0GRuq9M40Vwy432sBDK/e1ew=,dmrCD4W87oaj9TgIVmCr+e+KxwU=
57,34,1br0GRuq9M40Vwy432sBDK/e1ew=,7vN9kVxB50Gfh4qde7HQTttECXY=
57,33,1br0GRuq9M40Vwy432sBDK/e1ew=,dnYH5ZpXPV3gzFv8pmdom3XHAQ8=
54,33,1br0GRuq9M40Vwy432sBDK/e1ew=,feB87v8WqdC8QpM0pj758zBeVyg=
58,36,1br0GRuq9M40Vwy432sBDK/e1ew=,dmrCD4W87oaj9TgIVmCr+e+KxwU=
53,33,1br0GRuq9M40Vwy432sBDK/e1ew=,surouIwmVkUaEzsYZVCtCjj9ZUk=
58,35,1br0GRuq9M40Vwy432sBDK/e1ew=,dmrCD4W87oaj9TgIVmCr+e+KxwU=
59,35,1br0GRuq9M40Vwy432sBDK/e1ew=,dmrCD4W87oaj9TgIVmCr+e+KxwU=
60,36,1br0GRuq9M40Vwy432sBDK/e1ew=,dlpK8zd3X5jHc1SV/cjhnvC6JAw=
59,36,1br0GRuq9M40Vwy432sBDK/e1ew=,dmrCD4W87oaj9TgIVmCr+e+KxwU=
53,34,1br0GRuq9M40Vwy432sBDK/e1ew=,JsvDlZZ7x7ndw1WZiLmLU4w0Szc=
61,40,kyI8P5BmK+ABkgY1ssr5NdNdTfo=,0PAw2tU6Ys8Ted4P0z5vo4zr3PM=
51,35,1br0GRuq9M40Vwy432sBDK/e1ew=,8ECc5zsep7uOHWfQmrWcZWzAIWU=
57,36,1br0GRuq9M40Vwy432sBDK/e1ew=,E0WqnCnDK4sGZIIxRzl6fH9e8jw=
53,36,1br0GRuq9M40Vwy432sBDK/e1ew=,Tg0A3tHz4h3GcugyKM7nhgUElA0=
52,36,1br0GRuq9M40Vwy432sBDK/e1ew=,Tg0A3tHz4h3GcugyKM7nhgUElA0=
51,36,1br0GRuq9M40Vwy432sBDK/e1ew=,8ECc5zsep7uOHWfQmrWcZWzAIWU=
53,37,1br0GRuq9M40Vwy432sBDK/e1ew=,Tg0A3tHz4h3GcugyKM7nhgUElA0=
53,38,1br0GRuq9M40Vwy432sBDK/e1ew=,Tg0A3tHz4h3GcugyKM7nhgUElA0=
54,40,1br0GRuq9M40Vwy432sBDK/e1ew=,iQRRPbpDWYhX/bkq5PnHxbNbTrw=
54,38,1br0GRuq9M40Vwy432sBDK/e1ew=,iQRRPbpDWYhX/bkq5PnHxbNbTrw=
53,39,1br0GRuq9M40Vwy432sBDK/e1ew=,Tg0A3tHz4h3GcugyKM7nhgUElA0=
54,39,1br0GRuq9M40Vwy432sBDK/e1ew=,iQRRPbpDWYhX/bkq5PnHxbNbTrw=
55,39,1br0GRuq9M40Vwy432sBDK/e1ew=,iQRRPbpDWYhX/bkq5PnHxbNbTrw=
56,40,1br0GRuq9M40Vwy432sBDK/e1ew=,dmrCD4W87oaj9TgIVmCr+e+KxwU=
55,40,1br0GRuq9M40Vwy432sBDK/e1ew=,iQRRPbpDWYhX/bkq5PnHxbNbTrw=
56,39,1br0GRuq9M40Vwy432sBDK/e1ew=,dmrCD4W87oaj9TgIVmCr+e+KxwU=
52,35,1br0GRuq9M40Vwy432sBDK/e1ew=,JsvDlZZ7x7ndw1WZiLmLU4w0Szc=
54,37,1br0GRuq9M40Vwy432sBDK/e1ew=,PosLJSuru6VPmzt+6g0aS7ExTjc=
54,36,1br0GRuq9M40Vwy432sBDK/e1ew=,PosLJSuru6VPmzt+6g0aS7ExTjc=
55,41,1br0GRuq9M40Vwy432sBDK/e1ew=,iQRRPbpDWYhX/bkq5PnHxbNbTrw=
56,41,1br0GRuq9M40Vwy432sBDK/e1ew=,dmrCD4W87oaj9TgIVmCr+e+KxwU=
58,41,1br0GRuq9M40Vwy432sBDK/e1ew=,m7okUbUDpGhz/DL9iHefoilJ2FY=
57,41,1br0GRuq9M40Vwy432sBDK/e1ew=,dmrCD4W87oaj9TgIVmCr+e+KxwU=
58,42,1br0GRuq9M40Vwy432sBDK/e1ew=,T+e3zjOGu4V4Cypp9L0vR0TnCLo=
56,42,1br0GRuq9M40Vwy432sBDK/e1ew=,dmrCD4W87oaj9TgIVmCr+e+KxwU=
57,42,1br0GRuq9M40Vwy432sBDK/e1ew=,dmrCD4W87oaj9TgIVmCr+e+KxwU=
60,42,kyI8P5BmK+ABkgY1ssr5NdNdTfo=,KQ1JKRYJ0yyH+0OPSQyUKHCYAnM=
59,42,kyI8P5BmK+ABkgY1ssr5NdNdTfo=,T+e3zjOGu4V4Cypp9L0vR0TnCLo=
56,43,1br0GRuq9M40Vwy432sBDK/e1ew=,dmrCD4W87oaj9TgIVmCr+e+KxwU=
59,43,1br0GRuq9M40Vwy432sBDK/e1ew=,T+e3zjOGu4V4Cypp9L0vR0TnCLo=
54,35,1br0GRuq9M40Vwy432sBDK/e1ew=,wLmHvgTPU6xjYMjEQVJq/9b+O90=
60,43,1br0GRuq9M40Vwy432sBDK/e1ew=,KQ1JKRYJ0yyH+0OPSQyUKHCYAnM=
60,44,1br0GRuq9M40Vwy432sBDK/e1ew=,KQ1JKRYJ0yyH+0OPSQyUKHCYAnM=
58,43,1br0GRuq9M40Vwy432sBDK/e1ew=,T+e3zjOGu4V4Cypp9L0vR0TnCLo=
57,43,1br0GRuq9M40Vwy432sBDK/e1ew=,dmrCD4W87oaj9TgIVmCr+e+KxwU=
53,35,1br0GRuq9M40Vwy432sBDK/e1ew=,JsvDlZZ7x7ndw1WZiLmLU4w0Szc=
63,47,1br0GRuq9M40Vwy432sBDK/e1ew=,xO+beSUjJM/nZzg+Gi0jeYuoj5I=
60,41,kyI8P5BmK+ABkgY1ssr5NdNdTfo=,0PAw2tU6Ys8Ted4P0z5vo4zr3PM=
54,34,1br0GRuq9M40Vwy432sBDK/e1ew=,wLmHvgTPU6xjYMjEQVJq/9b+O90=
59,41,kyI8P5BmK+ABkgY1ssr5NdNdTfo=,m7okUbUDpGhz/DL9iHefoilJ2FY=
63,39,1br0GRuq9M40Vwy432sBDK/e1ew=,KQ1JKRYJ0yyH+0OPSQyUKHCYAnM=
63,40,1br0GRuq9M40Vwy432sBDK/e1ew=,tW88AEwCv1XnaYYk0shNAFhZqq0=
62,47,1br0GRuq9M40Vwy432sBDK/e1ew=,xO+beSUjJM/nZzg+Gi0jeYuoj5I=
51,37,1br0GRuq9M40Vwy432sBDK/e1ew=,8ECc5zsep7uOHWfQmrWcZWzAIWU=
52,37,1br0GRuq9M40Vwy432sBDK/e1ew=,Tg0A3tHz4h3GcugyKM7nhgUElA0=
52,38,1br0GRuq9M40Vwy432sBDK/e1ew=,Tg0A3tHz4h3GcugyKM7nhgUElA0=
52,39,1br0GRuq9M40Vwy432sBDK/e1ew=,Tg0A3tHz4h3GcugyKM7nhgUElA0=
63,38,1br0GRuq9M40Vwy432sBDK/e1ew=,KQ1JKRYJ0yyH+0OPSQyUKHCYAnM=
61,36,1br0GRuq9M40Vwy432sBDK/e1ew=,dlpK8zd3X5jHc1SV/cjhnvC6JAw=
48,35,1br0GRuq9M40Vwy432sBDK/e1ew=,vFGp6P2Er0sXyWAuPiITR28axM8=
59,34,1br0GRuq9M40Vwy432sBDK/e1ew=,dmrCD4W87oaj9TgIVmCr+e+KxwU=
57,32,1br0GRuq9M40Vwy432sBDK/e1ew=,dnYH5ZpXPV3gzFv8pmdom3XHAQ8=
50,37,1br0GRuq9M40Vwy432sBDK/e1ew=,8ECc5zsep7uOHWfQmrWcZWzAIWU=
54,41,1br0GRuq9M40Vwy432sBDK/e1ew=,iQRRPbpDWYhX/bkq5PnHxbNbTrw=
60,45,1br0GRuq9M40Vwy432sBDK/e1ew=,KQ1JKRYJ0yyH+0OPSQyUKHCYAnM=
63,41,1br0GRuq9M40Vwy432sBDK/e1ew=,tW88AEwCv1XnaYYk0shNAFhZqq0=
63,42,1br0GRuq9M40Vwy432sBDK/e1ew=,Gz5MORmHLHfOpO6dopmYcZ2st+k=
63,43,1br0GRuq9M40Vwy432sBDK/e1ew=,Gz5MORmHLHfOpO6dopmYcZ2st+k=
63,44,1br0GRuq9M40Vwy432sBDK/e1ew=,xO+beSUjJM/nZzg+Gi0jeYuoj5I=
48,34,1br0GRuq9M40Vwy432sBDK/e1ew=,vFGp6P2Er0sXyWAuPiITR28axM8=
48,33,1br0GRuq9M40Vwy432sBDK/e1ew=,Gl4SvbSI8DLocCVVSYB0MKmmaV4=
48,32,1br0GRuq9M40Vwy432sBDK/e1ew=,Gl4SvbSI8DLocCVVSYB0MKmmaV4=
52,32,1br0GRuq9M40Vwy432sBDK/e1ew=,surouIwmVkUaEzsYZVCtCjj9ZUk=
49,34,1br0GRuq9M40Vwy432sBDK/e1ew=,vFGp6P2Er0sXyWAuPiITR28axM8=
51,32,1br0GRuq9M40Vwy432sBDK/e1ew=,2MjP5LR0BNYtksIrnTZZ4Y17NwI=
49,33,1br0GRuq9M40Vwy432sBDK/e1ew=,Gl4SvbSI8DLocCVVSYB0MKmmaV4=
52,34,1br0GRuq9M40Vwy432sBDK/e1ew=,JsvDlZZ7x7ndw1WZiLmLU4w0Szc=
52,33,1br0GRuq9M40Vwy432sBDK/e1ew=,surouIwmVkUaEzsYZVCtCjj9ZUk=
50,33,1br0GRuq9M40Vwy432sBDK/e1ew=,2MjP5LR0BNYtksIrnTZZ4Y17NwI=
50,34,1br0GRuq9M40Vwy432sBDK/e1ew=,8ECc5zsep7uOHWfQmrWcZWzAIWU=
51,33,1br0GRuq9M40Vwy432sBDK/e1ew=,2MjP5LR0BNYtksIrnTZZ4Y17NwI=
51,34,1br0GRuq9M40Vwy432sBDK/e1ew=,8ECc5zsep7uOHWfQmrWcZWzAIWU=
49,32,1br0GRuq9M40Vwy432sBDK/e1ew=,Gl4SvbSI8DLocCVVSYB0MKmmaV4=
50,32,1br0GRuq9M40Vwy432sBDK/e1ew=,2MjP5LR0BNYtksIrnTZZ4Y17NwI=
