28,-3,qt9l5HKOW/Kg3dj462aRdIXB1ks=,ScX2ko2XZZDb7Alf0Oogv+0iru4=
28,-2,qt9l5HKOW/Kg3dj462aRdIXB1ks=,ScX2ko2XZZDb7Alf0Oogv+0iru4=
28,-1,qt9l5HKOW/Kg3dj462aRdIXB1ks=,ScX2ko2XZZDb7Alf0Oogv+0iru4=
27,-1,qt9l5HKOW/Kg3dj462aRdIXB1ks=,ScX2ko2XZZDb7Alf0Oogv+0iru4=
27,-2,qt9l5HKOW/Kg3dj462aRdIXB1ks=,ScX2ko2XZZDb7Alf0Oogv+0iru4=
27,-3,qt9l5HKOW/Kg3dj462aRdIXB1ks=,ScX2ko2XZZDb7Alf0Oogv+0iru4=
26,-2,qt9l5HKOW/Kg3dj462aRdIXB1ks=,ScX2ko2XZZDb7Alf0Oogv+0iru4=
26,-1,qt9l5HKOW/Kg3dj462aRdIXB1ks=,ScX2ko2XZZDb7Alf0Oogv+0iru4=
26,-3,qt9l5HKOW/Kg3dj462aRdIXB1ks=,ScX2ko2XZZDb7Alf0Oogv+0iru4=
25,-3,qt9l5HKOW/Kg3dj462aRdIXB1ks=,ScX2ko2XZZDb7Alf0Oogv+0iru4=
25,-1,qt9l5HKOW/Kg3dj462aRdIXB1ks=,ScX2ko2XZZDb7Alf0Oogv+0iru4=
25,-2,qt9l5HKOW/Kg3dj462aRdIXB1ks=,ScX2ko2XZZDb7Alf0Oogv+0iru4=
24,-3,qt9l5HKOW/Kg3dj462aRdIXB1ks=,ScX2ko2XZZDb7Alf0Oogv+0iru4=
24,-2,qt9l5HKOW/Kg3dj462aRdIXB1ks=,ScX2ko2XZZDb7Alf0Oogv+0iru4=
24,-1,qt9l5HKOW/Kg3dj462aRdIXB1ks=,ScX2ko2XZZDb7Alf0Oogv+0iru4=
23,-1,qt9l5HKOW/Kg3dj462aRdIXB1ks=,ScX2ko2XZZDb7Alf0Oogv+0iru4=
23,-2,qt9l5HKOW/Kg3dj462aRdIXB1ks=,ScX2ko2XZZDb7Alf0Oogv+0iru4=
22,-1,qt9l5HKOW/Kg3dj462aRdIXB1ks=,ScX2ko2XZZDb7Alf0Oogv+0iru4=
17,-7,qt9l5HKOW/Kg3dj462aRdIXB1ks=,ScX2ko2XZZDb7Alf0Oogv+0iru4=
17,-8,qt9l5HKOW/Kg3dj462aRdIXB1ks=,ScX2ko2XZZDb7Alf0Oogv+0iru4=
17,-6,qt9l5HKOW/Kg3dj462aRdIXB1ks=,ScX2ko2XZZDb7Alf0Oogv+0iru4=
16,-8,qt9l5HKOW/Kg3dj462aRdIXB1ks=,ScX2ko2XZZDb7Alf0Oogv+0iru4=
16,-7,qt9l5HKOW/Kg3dj462aRdIXB1ks=,ScX2ko2XZZDb7Alf0Oogv+0iru4=
16,-6,qt9l5HKOW/Kg3dj462aRdIXB1ks=,ScX2ko2XZZDb7Alf0Oogv+0iru4=
15,-6,qt9l5HKOW/Kg3dj462aRdIXB1ks=,ScX2ko2XZZDb7Alf0Oogv+0iru4=
15,-7,qt9l5HKOW/Kg3dj462aRdIXB1ks=,ScX2ko2XZZDb7Alf0Oogv+0iru4=
15,-8,qt9l5HKOW/Kg3dj462aRdIXB1ks=,ScX2ko2XZZDb7Alf0Oogv+0iru4=
14,-6,qt9l5HKOW/Kg3dj462aRdIXB1ks=,ScX2ko2XZZDb7Alf0Oogv+0iru4=
14,-8,qt9l5HKOW/Kg3dj462aRdIXB1ks=,ScX2ko2XZZDb7Alf0Oogv+0iru4=
14,-7,qt9l5HKOW/Kg3dj462aRdIXB1ks=,ScX2ko2XZZDb7Alf0Oogv+0iru4=
13,-7,qt9l5HKOW/Kg3dj462aRdIXB1ks=,ScX2ko2XZZDb7Alf0Oogv+0iru4=
13,-8,qt9l5HKOW/Kg3dj462aRdIXB1ks=,ScX2ko2XZZDb7Alf0Oogv+0iru4=
13,-6,qt9l5HKOW/Kg3dj462aRdIXB1ks=,ScX2ko2XZZDb7Alf0Oogv+0iru4=
12,-8,qt9l5HKOW/Kg3dj462aRdIXB1ks=,ScX2ko2XZZDb7Alf0Oogv+0iru4=
12,-7,qt9l5HKOW/Kg3dj462aRdIXB1ks=,ScX2ko2XZZDb7Alf0Oogv+0iru4=
12,-6,qt9l5HKOW/Kg3dj462aRdIXB1ks=,ScX2ko2XZZDb7Alf0Oogv+0iru4=
11,-6,qt9l5HKOW/Kg3dj462aRdIXB1ks=,ScX2ko2XZZDb7Alf0Oogv+0iru4=
11,-7,qt9l5HKOW/Kg3dj462aRdIXB1ks=,ScX2ko2XZZDb7Alf0Oogv+0iru4=
11,-8,qt9l5HKOW/Kg3dj462aRdIXB1ks=,ScX2ko2XZZDb7Alf0Oogv+0iru4=
11,-10,qt9l5HKOW/Kg3dj462aRdIXB1ks=,NOyIhk810E2BQYik2cZeXzvW9iY=
11,-11,qt9l5HKOW/Kg3dj462aRdIXB1ks=,NOyIhk810E2BQYik2cZeXzvW9iY=
11,-12,qt9l5HKOW/Kg3dj462aRdIXB1ks=,NOyIhk810E2BQYik2cZeXzvW9iY=
10,-32,qt9l5HKOW/Kg3dj462aRdIXB1ks=,NOyIhk810E2BQYik2cZeXzvW9iY=
10,-6,qt9l5HKOW/Kg3dj462aRdIXB1ks=,ScX2ko2XZZDb7Alf0Oogv+0iru4=
10,-8,qt9l5HKOW/Kg3dj462aRdIXB1ks=,ScX2ko2XZZDb7Alf0Oogv+0iru4=
10,-7,qt9l5HKOW/Kg3dj462aRdIXB1ks=,ScX2ko2XZZDb7Alf0Oogv+0iru4=
10,-2,qt9l5HKOW/Kg3dj462aRdIXB1ks=,ScX2ko2XZZDb7Alf0Oogv+0iru4=
10,-1,qt9l5HKOW/Kg3dj462aRdIXB1ks=,ScX2ko2XZZDb7Alf0Oogv+0iru4=
10,-10,qt9l5HKOW/Kg3dj462aRdIXB1ks=,NOyIhk810E2BQYik2cZeXzvW9iY=
10,-12,qt9l5HKOW/Kg3dj462aRdIXB1ks=,NOyIhk810E2BQYik2cZeXzvW9iY=
10,-11,qt9l5HKOW/Kg3dj462aRdIXB1ks=,NOyIhk810E2BQYik2cZeXzvW9iY=
9,-31,qt9l5HKOW/Kg3dj462aRdIXB1ks=,NOyIhk810E2BQYik2cZeXzvW9iY=
9,-32,qt9l5HKOW/Kg3dj462aRdIXB1ks=,NOyIhk810E2BQYik2cZeXzvW9iY=
9,-7,qt9l5HKOW/Kg3dj462aRdIXB1ks=,ScX2ko2XZZDb7Alf0Oogv+0iru4=
9,-8,qt9l5HKOW/Kg3dj462aRdIXB1ks=,ScX2ko2XZZDb7Alf0Oogv+0iru4=
9,-6,qt9l5HKOW/Kg3dj462aRdIXB1ks=,ScX2ko2XZZDb7Alf0Oogv+0iru4=
9,-1,qt9l5HKOW/Kg3dj462aRdIXB1ks=,ScX2ko2XZZDb7Alf0Oogv+0iru4=
9,-2,qt9l5HKOW/Kg3dj462aRdIXB1ks=,ScX2ko2XZZDb7Alf0Oogv+0iru4=
9,-11,qt9l5HKOW/Kg3dj462aRdIXB1ks=,NOyIhk810E2BQYik2cZeXzvW9iY=
9,-12,qt9l5HKOW/Kg3dj462aRdIXB1ks=,NOyIhk810E2BQYik2cZeXzvW9iY=
9,-9,qt9l5HKOW/Kg3dj462aRdIXB1ks=,NOyIhk810E2BQYik2cZeXzvW9iY=
9,-10,qt9l5HKOW/Kg3dj462aRdIXB1ks=,NOyIhk810E2BQYik2cZeXzvW9iY=
8,-32,qt9l5HKOW/Kg3dj462aRdIXB1ks=,NOyIhk810E2BQYik2cZeXzvW9iY=
8,-31,qt9l5HKOW/Kg3dj462aRdIXB1ks=,NOyIhk810E2BQYik2cZeXzvW9iY=
8,-8,qt9l5HKOW/Kg3dj462aRdIXB1ks=,ScX2ko2XZZDb7Alf0Oogv+0iru4=
8,-7,qt9l5HKOW/Kg3dj462aRdIXB1ks=,ScX2ko2XZZDb7Alf0Oogv+0iru4=
8,-6,qt9l5HKOW/Kg3dj462aRdIXB1ks=,ScX2ko2XZZDb7Alf0Oogv+0iru4=
8,-5,qt9l5HKOW/Kg3dj462aRdIXB1ks=,ScX2ko2XZZDb7Alf0Oogv+0iru4=
8,-4,qt9l5HKOW/Kg3dj462aRdIXB1ks=,ScX2ko2XZZDb7Alf0Oogv+0iru4=
8,-3,qt9l5HKOW/Kg3dj462aRdIXB1ks=,ScX2ko2XZZDb7Alf0Oogv+0iru4=
8,-2,qt9l5HKOW/Kg3dj462aRdIXB1ks=,ScX2ko2XZZDb7Alf0Oogv+0iru4=
8,-1,qt9l5HKOW/Kg3dj462aRdIXB1ks=,ScX2ko2XZZDb7Alf0Oogv+0iru4=
8,-11,qt9l5HKOW/Kg3dj462aRdIXB1ks=,NOyIhk810E2BQYik2cZeXzvW9iY=
8,-10,qt9l5HKOW/Kg3dj462aRdIXB1ks=,NOyIhk810E2BQYik2cZeXzvW9iY=
8,-9,qt9l5HKOW/Kg3dj462aRdIXB1ks=,NOyIhk810E2BQYik2cZeXzvW9iY=
7,-30,qt9l5HKOW/Kg3dj462aRdIXB1ks=,MLpFcxppY3ZLOx1aQB/A2v5UEFs=
7,-31,qt9l5HKOW/Kg3dj462aRdIXB1ks=,MLpFcxppY3ZLOx1aQB/A2v5UEFs=
7,-32,qt9l5HKOW/Kg3dj462aRdIXB1ks=,MLpFcxppY3ZLOx1aQB/A2v5UEFs=
7,-1,qt9l5HKOW/Kg3dj462aRdIXB1ks=,6cDJ+thYNRj/pjYQ4/nezhaBoMw=
7,-2,qt9l5HKOW/Kg3dj462aRdIXB1ks=,CnQgotobFUs64Xj4zK+KaCbiMJ0=
7,-3,qt9l5HKOW/Kg3dj462aRdIXB1ks=,jf/FxamcnLY0r9pveuVrcImfssg=
7,-4,qt9l5HKOW/Kg3dj462aRdIXB1ks=,jf/FxamcnLY0r9pveuVrcImfssg=
7,-5,qt9l5HKOW/Kg3dj462aRdIXB1ks=,ZrWwYKwkApyVwO8df+UIY+Y05IQ=
7,-6,qt9l5HKOW/Kg3dj462aRdIXB1ks=,6cDJ+thYNRj/pjYQ4/nezhaBoMw=
7,-7,qt9l5HKOW/Kg3dj462aRdIXB1ks=,6cDJ+thYNRj/pjYQ4/nezhaBoMw=
7,-8,qt9l5HKOW/Kg3dj462aRdIXB1ks=,6cDJ+thYNRj/pjYQ4/nezhaBoMw=
6,-30,qt9l5HKOW/Kg3dj462aRdIXB1ks=,MLpFcxppY3ZLOx1aQB/A2v5UEFs=
6,-29,qt9l5HKOW/Kg3dj462aRdIXB1ks=,MLpFcxppY3ZLOx1aQB/A2v5UEFs=
6,-32,qt9l5HKOW/Kg3dj462aRdIXB1ks=,MLpFcxppY3ZLOx1aQB/A2v5UEFs=
6,-31,qt9l5HKOW/Kg3dj462aRdIXB1ks=,MLpFcxppY3ZLOx1aQB/A2v5UEFs=
6,-2,qt9l5HKOW/Kg3dj462aRdIXB1ks=,451X1r97RNuNzSnDkxV78ZqXr10=
6,-1,qt9l5HKOW/Kg3dj462aRdIXB1ks=,6cDJ+thYNRj/pjYQ4/nezhaBoMw=
6,-4,qt9l5HKOW/Kg3dj462aRdIXB1ks=,MLpFcxppY3ZLOx1aQB/A2v5UEFs=
6,-3,qt9l5HKOW/Kg3dj462aRdIXB1ks=,Lyj/J+YP99hdYhHc1/tikKBap3g=
6,-6,qt9l5HKOW/Kg3dj462aRdIXB1ks=,6cDJ+thYNRj/pjYQ4/nezhaBoMw=
6,-5,qt9l5HKOW/Kg3dj462aRdIXB1ks=,tmVcez1ezV8DlYTWgYGBsZ1zdBI=
6,-8,qt9l5HKOW/Kg3dj462aRdIXB1ks=,6cDJ+thYNRj/pjYQ4/nezhaBoMw=
6,-7,qt9l5HKOW/Kg3dj462aRdIXB1ks=,6cDJ+thYNRj/pjYQ4/nezhaBoMw=
5,-31,qt9l5HKOW/Kg3dj462aRdIXB1ks=,MLpFcxppY3ZLOx1aQB/A2v5UEFs=
5,-32,qt9l5HKOW/Kg3dj462aRdIXB1ks=,MLpFcxppY3ZLOx1aQB/A2v5UEFs=
5,-29,qt9l5HKOW/Kg3dj462aRdIXB1ks=,MLpFcxppY3ZLOx1aQB/A2v5UEFs=
5,-30,qt9l5HKOW/Kg3dj462aRdIXB1ks=,MLpFcxppY3ZLOx1aQB/A2v5UEFs=
5,-3,qt9l5HKOW/Kg3dj462aRdIXB1ks=,sYw6L7nAEvv/g2t0AH1ClZFcz0s=
5,-4,qt9l5HKOW/Kg3dj462aRdIXB1ks=,MLpFcxppY3ZLOx1aQB/A2v5UEFs=
5,-1,qt9l5HKOW/Kg3dj462aRdIXB1ks=,6cDJ+thYNRj/pjYQ4/nezhaBoMw=
5,-2,qt9l5HKOW/Kg3dj462aRdIXB1ks=,6cDJ+thYNRj/pjYQ4/nezhaBoMw=
5,-7,qt9l5HKOW/Kg3dj462aRdIXB1ks=,6cDJ+thYNRj/pjYQ4/nezhaBoMw=
5,-8,qt9l5HKOW/Kg3dj462aRdIXB1ks=,6cDJ+thYNRj/pjYQ4/nezhaBoMw=
5,-5,qt9l5HKOW/Kg3dj462aRdIXB1ks=,tmVcez1ezV8DlYTWgYGBsZ1zdBI=
5,-6,qt9l5HKOW/Kg3dj462aRdIXB1ks=,6cDJ+thYNRj/pjYQ4/nezhaBoMw=
4,-4,qt9l5HKOW/Kg3dj462aRdIXB1ks=,MLpFcxppY3ZLOx1aQB/A2v5UEFs=
4,-3,qt9l5HKOW/Kg3dj462aRdIXB1ks=,sYw6L7nAEvv/g2t0AH1ClZFcz0s=
4,-2,qt9l5HKOW/Kg3dj462aRdIXB1ks=,6cDJ+thYNRj/pjYQ4/nezhaBoMw=
4,-1,qt9l5HKOW/Kg3dj462aRdIXB1ks=,6cDJ+thYNRj/pjYQ4/nezhaBoMw=
4,-8,qt9l5HKOW/Kg3dj462aRdIXB1ks=,6cDJ+thYNRj/pjYQ4/nezhaBoMw=
4,-7,qt9l5HKOW/Kg3dj462aRdIXB1ks=,6cDJ+thYNRj/pjYQ4/nezhaBoMw=
4,-6,qt9l5HKOW/Kg3dj462aRdIXB1ks=,6cDJ+thYNRj/pjYQ4/nezhaBoMw=
4,-5,qt9l5HKOW/Kg3dj462aRdIXB1ks=,tmVcez1ezV8DlYTWgYGBsZ1zdBI=
3,-5,qt9l5HKOW/Kg3dj462aRdIXB1ks=,AaEHIIz8WEUNOXL1sjZGi6xTuYk=
3,-6,qt9l5HKOW/Kg3dj462aRdIXB1ks=,jf/FxamcnLY0r9pveuVrcImfssg=
3,-7,qt9l5HKOW/Kg3dj462aRdIXB1ks=,jf/FxamcnLY0r9pveuVrcImfssg=
3,-8,qt9l5HKOW/Kg3dj462aRdIXB1ks=,ZrWwYKwkApyVwO8df+UIY+Y05IQ=
3,-1,qt9l5HKOW/Kg3dj462aRdIXB1ks=,6cDJ+thYNRj/pjYQ4/nezhaBoMw=
3,-2,qt9l5HKOW/Kg3dj462aRdIXB1ks=,6cDJ+thYNRj/pjYQ4/nezhaBoMw=
3,-3,ifXQHI67KngwL9GU7SP9tFeTUOU=,sYw6L7nAEvv/g2t0AH1ClZFcz0s=
3,-4,ifXQHI67KngwL9GU7SP9tFeTUOU=,MLpFcxppY3ZLOx1aQB/A2v5UEFs=
2,-10,ifXQHI67KngwL9GU7SP9tFeTUOU=,6cDJ+thYNRj/pjYQ4/nezhaBoMw=
2,-9,ifXQHI67KngwL9GU7SP9tFeTUOU=,6cDJ+thYNRj/pjYQ4/nezhaBoMw=
2,-6,ifXQHI67KngwL9GU7SP9tFeTUOU=,MLpFcxppY3ZLOx1aQB/A2v5UEFs=
2,-5,ifXQHI67KngwL9GU7SP9tFeTUOU=,MLpFcxppY3ZLOx1aQB/A2v5UEFs=
2,-8,ifXQHI67KngwL9GU7SP9tFeTUOU=,tmVcez1ezV8DlYTWgYGBsZ1zdBI=
2,-7,ifXQHI67KngwL9GU7SP9tFeTUOU=,MLpFcxppY3ZLOx1aQB/A2v5UEFs=
2,-2,ifXQHI67KngwL9GU7SP9tFeTUOU=,CnQgotobFUs64Xj4zK+KaCbiMJ0=
2,-1,ifXQHI67KngwL9GU7SP9tFeTUOU=,6cDJ+thYNRj/pjYQ4/nezhaBoMw=
2,-4,ifXQHI67KngwL9GU7SP9tFeTUOU=,MLpFcxppY3ZLOx1aQB/A2v5UEFs=
2,-3,ifXQHI67KngwL9GU7SP9tFeTUOU=,Foi0QyVTmQ4kQiDhKxMIa/fxpwk=
1,-9,ifXQHI67KngwL9GU7SP9tFeTUOU=,6cDJ+thYNRj/pjYQ4/nezhaBoMw=
1,-10,ifXQHI67KngwL9GU7SP9tFeTUOU=,6cDJ+thYNRj/pjYQ4/nezhaBoMw=
1,-7,ifXQHI67KngwL9GU7SP9tFeTUOU=,2NW+Tk+9kPYK72HDvicGhKmFApg=
1,-8,ifXQHI67KngwL9GU7SP9tFeTUOU=,stIuIS4p0uJCTGYxNGBg7Opw9Cs=
1,-5,ifXQHI67KngwL9GU7SP9tFeTUOU=,MLpFcxppY3ZLOx1aQB/A2v5UEFs=
1,-6,ifXQHI67KngwL9GU7SP9tFeTUOU=,MLpFcxppY3ZLOx1aQB/A2v5UEFs=
1,-3,ifXQHI67KngwL9GU7SP9tFeTUOU=,MLpFcxppY3ZLOx1aQB/A2v5UEFs=
1,-4,ifXQHI67KngwL9GU7SP9tFeTUOU=,MLpFcxppY3ZLOx1aQB/A2v5UEFs=
1,-1,ifXQHI67KngwL9GU7SP9tFeTUOU=,CnQgotobFUs64Xj4zK+KaCbiMJ0=
1,-2,ifXQHI67KngwL9GU7SP9tFeTUOU=,Foi0QyVTmQ4kQiDhKxMIa/fxpwk=
0,-11,ifXQHI67KngwL9GU7SP9tFeTUOU=,6cDJ+thYNRj/pjYQ4/nezhaBoMw=
0,-10,ifXQHI67KngwL9GU7SP9tFeTUOU=,6cDJ+thYNRj/pjYQ4/nezhaBoMw=
0,-9,ifXQHI67KngwL9GU7SP9tFeTUOU=,6cDJ+thYNRj/pjYQ4/nezhaBoMw=
0,-8,ifXQHI67KngwL9GU7SP9tFeTUOU=,6cDJ+thYNRj/pjYQ4/nezhaBoMw=
0,-7,ifXQHI67KngwL9GU7SP9tFeTUOU=,stIuIS4p0uJCTGYxNGBg7Opw9Cs=
0,-6,ifXQHI67KngwL9GU7SP9tFeTUOU=,PqzZ0rF4TqFccrooDYPqVqpgAIs=
0,-5,ifXQHI67KngwL9GU7SP9tFeTUOU=,PqzZ0rF4TqFccrooDYPqVqpgAIs=
0,-4,ifXQHI67KngwL9GU7SP9tFeTUOU=,PqzZ0rF4TqFccrooDYPqVqpgAIs=
0,-3,ifXQHI67KngwL9GU7SP9tFeTUOU=,PqzZ0rF4TqFccrooDYPqVqpgAIs=
0,-2,ifXQHI67KngwL9GU7SP9tFeTUOU=,PqzZ0rF4TqFccrooDYPqVqpgAIs=
0,-1,ifXQHI67KngwL9GU7SP9tFeTUOU=,451X1r97RNuNzSnDkxV78ZqXr10=
10,-5,qt9l5HKOW/Kg3dj462aRdIXB1ks=,ScX2ko2XZZDb7Alf0Oogv+0iru4=
10,-4,qt9l5HKOW/Kg3dj462aRdIXB1ks=,ScX2ko2XZZDb7Alf0Oogv+0iru4=
10,-3,qt9l5HKOW/Kg3dj462aRdIXB1ks=,ScX2ko2XZZDb7Alf0Oogv+0iru4=
9,-5,qt9l5HKOW/Kg3dj462aRdIXB1ks=,ScX2ko2XZZDb7Alf0Oogv+0iru4=
9,-3,qt9l5HKOW/Kg3dj462aRdIXB1ks=,ScX2ko2XZZDb7Alf0Oogv+0iru4=
9,-4,qt9l5HKOW/Kg3dj462aRdIXB1ks=,ScX2ko2XZZDb7Alf0Oogv+0iru4=
1,-11,ifXQHI67KngwL9GU7SP9tFeTUOU=,6cDJ+thYNRj/pjYQ4/nezhaBoMw=
