14,-2,WgQSbAOIXRiIFyPVSTDJ2KfJmPw=,qV1l9Q2QpZR05yX2gbhYI4DDSas=
14,-1,WgQSbAOIXRiIFyPVSTDJ2KfJmPw=,nDS80cqqRcgLHaunx9fydCPT2T4=
13,-1,WgQSbAOIXRiIFyPVSTDJ2KfJmPw=,uJ9/S0qO0b6XT9v3VPmJdiCvG+U=
13,-2,WgQSbAOIXRiIFyPVSTDJ2KfJmPw=,nDS80cqqRcgLHaunx9fydCPT2T4=
12,-2,WgQSbAOIXRiIFyPVSTDJ2KfJmPw=,nDS80cqqRcgLHaunx9fydCPT2T4=
12,-1,WgQSbAOIXRiIFyPVSTDJ2KfJmPw=,uJ9/S0qO0b6XT9v3VPmJdiCvG+U=
11,-1,WgQSbAOIXRiIFyPVSTDJ2KfJmPw=,7txMd/XfEIvHdT8a2g56RbCfy5k=
8,-4,WgQSbAOIXRiIFyPVSTDJ2KfJmPw=,uJ9/S0qO0b6XT9v3VPmJdiCvG+U=
8,-3,WgQSbAOIXRiIFyPVSTDJ2KfJmPw=,nDS80cqqRcgLHaunx9fydCPT2T4=
7,-3,WgQSbAOIXRiIFyPVSTDJ2KfJmPw=,nDS80cqqRcgLHaunx9fydCPT2T4=
7,-4,WgQSbAOIXRiIFyPVSTDJ2KfJmPw=,uJ9/S0qO0b6XT9v3VPmJdiCvG+U=
6,-4,WgQSbAOIXRiIFyPVSTDJ2KfJmPw=,uJ9/S0qO0b6XT9v3VPmJdiCvG+U=
6,-3,WgQSbAOIXRiIFyPVSTDJ2KfJmPw=,nDS80cqqRcgLHaunx9fydCPT2T4=
5,-19,WgQSbAOIXRiIFyPVSTDJ2KfJmPw=,uJ9/S0qO0b6XT9v3VPmJdiCvG+U=
5,-3,WgQSbAOIXRiIFyPVSTDJ2KfJmPw=,7txMd/XfEIvHdT8a2g56RbCfy5k=
5,-4,WgQSbAOIXRiIFyPVSTDJ2KfJmPw=,uJ9/S0qO0b6XT9v3VPmJdiCvG+U=
5,-20,WgQSbAOIXRiIFyPVSTDJ2KfJmPw=,nDS80cqqRcgLHaunx9fydCPT2T4=
5,-17,WgQSbAOIXRiIFyPVSTDJ2KfJmPw=,uJ9/S0qO0b6XT9v3VPmJdiCvG+U=
5,-18,WgQSbAOIXRiIFyPVSTDJ2KfJmPw=,uJ9/S0qO0b6XT9v3VPmJdiCvG+U=
5,-5,WgQSbAOIXRiIFyPVSTDJ2KfJmPw=,nDS80cqqRcgLHaunx9fydCPT2T4=
5,-6,WgQSbAOIXRiIFyPVSTDJ2KfJmPw=,uJ9/S0qO0b6XT9v3VPmJdiCvG+U=
5,-16,WgQSbAOIXRiIFyPVSTDJ2KfJmPw=,qV1l9Q2QpZR05yX2gbhYI4DDSas=
5,-1,WgQSbAOIXRiIFyPVSTDJ2KfJmPw=,nDS80cqqRcgLHaunx9fydCPT2T4=
4,-16,WgQSbAOIXRiIFyPVSTDJ2KfJmPw=,uJ9/S0qO0b6XT9v3VPmJdiCvG+U=
4,-4,WgQSbAOIXRiIFyPVSTDJ2KfJmPw=,uJ9/S0qO0b6XT9v3VPmJdiCvG+U=
4,-3,WgQSbAOIXRiIFyPVSTDJ2KfJmPw=,uJ9/S0qO0b6XT9v3VPmJdiCvG+U=
4,-17,WgQSbAOIXRiIFyPVSTDJ2KfJmPw=,uJ9/S0qO0b6XT9v3VPmJdiCvG+U=
4,-1,WgQSbAOIXRiIFyPVSTDJ2KfJmPw=,uJ9/S0qO0b6XT9v3VPmJdiCvG+U=
4,-6,WgQSbAOIXRiIFyPVSTDJ2KfJmPw=,7txMd/XfEIvHdT8a2g56RbCfy5k=
4,-5,WgQSbAOIXRiIFyPVSTDJ2KfJmPw=,uJ9/S0qO0b6XT9v3VPmJdiCvG+U=
4,-20,WgQSbAOIXRiIFyPVSTDJ2KfJmPw=,qV1l9Q2QpZR05yX2gbhYI4DDSas=
4,-19,WgQSbAOIXRiIFyPVSTDJ2KfJmPw=,uJ9/S0qO0b6XT9v3VPmJdiCvG+U=
4,-2,WgQSbAOIXRiIFyPVSTDJ2KfJmPw=,uJ9/S0qO0b6XT9v3VPmJdiCvG+U=
4,-18,WgQSbAOIXRiIFyPVSTDJ2KfJmPw=,uJ9/S0qO0b6XT9v3VPmJdiCvG+U=
3,-15,WgQSbAOIXRiIFyPVSTDJ2KfJmPw=,7txMd/XfEIvHdT8a2g56RbCfy5k=
3,-16,WgQSbAOIXRiIFyPVSTDJ2KfJmPw=,uJ9/S0qO0b6XT9v3VPmJdiCvG+U=
3,-1,WgQSbAOIXRiIFyPVSTDJ2KfJmPw=,uJ9/S0qO0b6XT9v3VPmJdiCvG+U=
3,-17,WgQSbAOIXRiIFyPVSTDJ2KfJmPw=,7txMd/XfEIvHdT8a2g56RbCfy5k=
3,-2,WgQSbAOIXRiIFyPVSTDJ2KfJmPw=,uJ9/S0qO0b6XT9v3VPmJdiCvG+U=
3,-3,WgQSbAOIXRiIFyPVSTDJ2KfJmPw=,uJ9/S0qO0b6XT9v3VPmJdiCvG+U=
3,-4,WgQSbAOIXRiIFyPVSTDJ2KfJmPw=,uJ9/S0qO0b6XT9v3VPmJdiCvG+U=
2,-16,WgQSbAOIXRiIFyPVSTDJ2KfJmPw=,nDS80cqqRcgLHaunx9fydCPT2T4=
2,-15,WgQSbAOIXRiIFyPVSTDJ2KfJmPw=,nDS80cqqRcgLHaunx9fydCPT2T4=
2,-2,G+1EnyF0pAJjlnezJC8LWJbfrdQ=,uJ9/S0qO0b6XT9v3VPmJdiCvG+U=
2,-1,G+1EnyF0pAJjlnezJC8LWJbfrdQ=,uJ9/S0qO0b6XT9v3VPmJdiCvG+U=
2,-4,G+1EnyF0pAJjlnezJC8LWJbfrdQ=,uJ9/S0qO0b6XT9v3VPmJdiCvG+U=
2,-3,G+1EnyF0pAJjlnezJC8LWJbfrdQ=,uJ9/S0qO0b6XT9v3VPmJdiCvG+U=
1,-29,G+1EnyF0pAJjlnezJC8LWJbfrdQ=,uJ9/S0qO0b6XT9v3VPmJdiCvG+U=
1,-28,G+1EnyF0pAJjlnezJC8LWJbfrdQ=,uJ9/S0qO0b6XT9v3VPmJdiCvG+U=
1,-3,G+1EnyF0pAJjlnezJC8LWJbfrdQ=,uJ9/S0qO0b6XT9v3VPmJdiCvG+U=
1,-4,G+1EnyF0pAJjlnezJC8LWJbfrdQ=,uJ9/S0qO0b6XT9v3VPmJdiCvG+U=
1,-1,G+1EnyF0pAJjlnezJC8LWJbfrdQ=,uJ9/S0qO0b6XT9v3VPmJdiCvG+U=
1,-2,G+1EnyF0pAJjlnezJC8LWJbfrdQ=,uJ9/S0qO0b6XT9v3VPmJdiCvG+U=
1,-5,G+1EnyF0pAJjlnezJC8LWJbfrdQ=,nDS80cqqRcgLHaunx9fydCPT2T4=
0,-29,G+1EnyF0pAJjlnezJC8LWJbfrdQ=,Z9dU7QMFHeXTf2AygARJQZdeYgM=
0,-28,G+1EnyF0pAJjlnezJC8LWJbfrdQ=,/qNBa7U3a2wBwiTZ3e2QxyhYtBU=
0,-5,G+1EnyF0pAJjlnezJC8LWJbfrdQ=,ETpaPUo4W27TpH64Sa2DZXwfOT0=
0,-4,G+1EnyF0pAJjlnezJC8LWJbfrdQ=,cN/AEoxquguZePRnYI3S9mGcwl0=
0,-3,G+1EnyF0pAJjlnezJC8LWJbfrdQ=,2oLB7CH7HB0rUG+7eEgxR6pBcdw=
0,-2,G+1EnyF0pAJjlnezJC8LWJbfrdQ=,2oLB7CH7HB0rUG+7eEgxR6pBcdw=
0,-1,G+1EnyF0pAJjlnezJC8LWJbfrdQ=,2oLB7CH7HB0rUG+7eEgxR6pBcdw=
0,-6,G+1EnyF0pAJjlnezJC8LWJbfrdQ=,uywOgiNwCnw2WCdb018DfbZ8HaE=
5,-2,WgQSbAOIXRiIFyPVSTDJ2KfJmPw=,nDS80cqqRcgLHaunx9fydCPT2T4=
