0,0,iry6B7aeXljwk//7dioja+Lv+ZI=,Nv4mjFmrz/bkJ5g5tPPdgJblScU=
0,1,iry6B7aeXljwk//7dioja+Lv+ZI=,Nv4mjFmrz/bkJ5g5tPPdgJblScU=
0,2,iry6B7aeXljwk//7dioja+Lv+ZI=,Nv4mjFmrz/bkJ5g5tPPdgJblScU=
0,3,iry6B7aeXljwk//7dioja+Lv+ZI=,Nv4mjFmrz/bkJ5g5tPPdgJblScU=
0,4,iry6B7aeXljwk//7dioja+Lv+ZI=,Nv4mjFmrz/bkJ5g5tPPdgJblScU=
0,5,iry6B7aeXljwk//7dioja+Lv+ZI=,Nv4mjFmrz/bkJ5g5tPPdgJblScU=
0,6,iry6B7aeXljwk//7dioja+Lv+ZI=,5/FgaiSmdzfKnwDwZ6tQCXyXHMc=
0,9,iry6B7aeXljwk//7dioja+Lv+ZI=,iOgvUpU2J9zHvp3niu+WHc7joBo=
0,10,iry6B7aeXljwk//7dioja+Lv+ZI=,Nv4mjFmrz/bkJ5g5tPPdgJblScU=
1,1,iry6B7aeXljwk//7dioja+Lv+ZI=,Nv4mjFmrz/bkJ5g5tPPdgJblScU=
1,0,iry6B7aeXljwk//7dioja+Lv+ZI=,Nv4mjFmrz/bkJ5g5tPPdgJblScU=
1,3,iry6B7aeXljwk//7dioja+Lv+ZI=,Nv4mjFmrz/bkJ5g5tPPdgJblScU=
1,2,iry6B7aeXljwk//7dioja+Lv+ZI=,Nv4mjFmrz/bkJ5g5tPPdgJblScU=
1,5,iry6B7aeXljwk//7dioja+Lv+ZI=,Nv4mjFmrz/bkJ5g5tPPdgJblScU=
1,4,iry6B7aeXljwk//7dioja+Lv+ZI=,Nv4mjFmrz/bkJ5g5tPPdgJblScU=
1,6,iry6B7aeXljwk//7dioja+Lv+ZI=,48bUsGdivEq6MEG1lyI1iGsCpfk=
1,9,iry6B7aeXljwk//7dioja+Lv+ZI=,48bUsGdivEq6MEG1lyI1iGsCpfk=
1,10,iry6B7aeXljwk//7dioja+Lv+ZI=,NDEZgclVMkC9CBYQRz7WHYk2W00=
2,2,iry6B7aeXljwk//7dioja+Lv+ZI=,/Ef15THzVDtMH05QHav0Dr1oSRw=
2,3,iry6B7aeXljwk//7dioja+Lv+ZI=,NUnGUiyuKoTSZtm3WxsbHCukqkU=
2,0,iry6B7aeXljwk//7dioja+Lv+ZI=,/Ef15THzVDtMH05QHav0Dr1oSRw=
2,1,iry6B7aeXljwk//7dioja+Lv+ZI=,/Ef15THzVDtMH05QHav0Dr1oSRw=
2,6,iry6B7aeXljwk//7dioja+Lv+ZI=,NUnGUiyuKoTSZtm3WxsbHCukqkU=
2,4,iry6B7aeXljwk//7dioja+Lv+ZI=,NUnGUiyuKoTSZtm3WxsbHCukqkU=
2,5,iry6B7aeXljwk//7dioja+Lv+ZI=,/Ef15THzVDtMH05QHav0Dr1oSRw=
2,10,iry6B7aeXljwk//7dioja+Lv+ZI=,/Ef15THzVDtMH05QHav0Dr1oSRw=
2,8,iry6B7aeXljwk//7dioja+Lv+ZI=,/Ef15THzVDtMH05QHav0Dr1oSRw=
2,9,iry6B7aeXljwk//7dioja+Lv+ZI=,/Ef15THzVDtMH05QHav0Dr1oSRw=
2,7,iry6B7aeXljwk//7dioja+Lv+ZI=,W12oJshbF2Onlb8AaL9ZgbOHrW4=
3,3,iry6B7aeXljwk//7dioja+Lv+ZI=,NUnGUiyuKoTSZtm3WxsbHCukqkU=
3,2,iry6B7aeXljwk//7dioja+Lv+ZI=,/Ef15THzVDtMH05QHav0Dr1oSRw=
3,1,iry6B7aeXljwk//7dioja+Lv+ZI=,/Ef15THzVDtMH05QHav0Dr1oSRw=
3,0,iry6B7aeXljwk//7dioja+Lv+ZI=,/Ef15THzVDtMH05QHav0Dr1oSRw=
3,7,iry6B7aeXljwk//7dioja+Lv+ZI=,/Ef15THzVDtMH05QHav0Dr1oSRw=
3,6,iry6B7aeXljwk//7dioja+Lv+ZI=,/Ef15THzVDtMH05QHav0Dr1oSRw=
3,5,iry6B7aeXljwk//7dioja+Lv+ZI=,NUnGUiyuKoTSZtm3WxsbHCukqkU=
3,10,iry6B7aeXljwk//7dioja+Lv+ZI=,/Ef15THzVDtMH05QHav0Dr1oSRw=
3,9,iry6B7aeXljwk//7dioja+Lv+ZI=,/Ef15THzVDtMH05QHav0Dr1oSRw=
3,8,iry6B7aeXljwk//7dioja+Lv+ZI=,NUnGUiyuKoTSZtm3WxsbHCukqkU=
3,4,iry6B7aeXljwk//7dioja+Lv+ZI=,aq6E9y7+09KRQENC1t3uS807D18=
4,4,iry6B7aeXljwk//7dioja+Lv+ZI=,aq6E9y7+09KRQENC1t3uS807D18=
4,6,iry6B7aeXljwk//7dioja+Lv+ZI=,W12oJshbF2Onlb8AaL9ZgbOHrW4=
4,0,iry6B7aeXljwk//7dioja+Lv+ZI=,/Ef15THzVDtMH05QHav0Dr1oSRw=
4,1,iry6B7aeXljwk//7dioja+Lv+ZI=,/Ef15THzVDtMH05QHav0Dr1oSRw=
4,2,iry6B7aeXljwk//7dioja+Lv+ZI=,/Ef15THzVDtMH05QHav0Dr1oSRw=
4,3,iry6B7aeXljwk//7dioja+Lv+ZI=,/Ef15THzVDtMH05QHav0Dr1oSRw=
4,9,iry6B7aeXljwk//7dioja+Lv+ZI=,aq6E9y7+09KRQENC1t3uS807D18=
4,10,iry6B7aeXljwk//7dioja+Lv+ZI=,W12oJshbF2Onlb8AaL9ZgbOHrW4=
5,4,iry6B7aeXljwk//7dioja+Lv+ZI=,W12oJshbF2Onlb8AaL9ZgbOHrW4=
5,1,iry6B7aeXljwk//7dioja+Lv+ZI=,NUnGUiyuKoTSZtm3WxsbHCukqkU=
5,0,iry6B7aeXljwk//7dioja+Lv+ZI=,/Ef15THzVDtMH05QHav0Dr1oSRw=
5,3,iry6B7aeXljwk//7dioja+Lv+ZI=,/Ef15THzVDtMH05QHav0Dr1oSRw=
5,2,iry6B7aeXljwk//7dioja+Lv+ZI=,W12oJshbF2Onlb8AaL9ZgbOHrW4=
6,4,iry6B7aeXljwk//7dioja+Lv+ZI=,/Ef15THzVDtMH05QHav0Dr1oSRw=
6,5,iry6B7aeXljwk//7dioja+Lv+ZI=,W12oJshbF2Onlb8AaL9ZgbOHrW4=
6,2,iry6B7aeXljwk//7dioja+Lv+ZI=,aq6E9y7+09KRQENC1t3uS807D18=
6,3,iry6B7aeXljwk//7dioja+Lv+ZI=,/Ef15THzVDtMH05QHav0Dr1oSRw=
7,5,iry6B7aeXljwk//7dioja+Lv+ZI=,/Ef15THzVDtMH05QHav0Dr1oSRw=
7,4,iry6B7aeXljwk//7dioja+Lv+ZI=,/Ef15THzVDtMH05QHav0Dr1oSRw=
7,3,iry6B7aeXljwk//7dioja+Lv+ZI=,aq6E9y7+09KRQENC1t3uS807D18=
7,6,iry6B7aeXljwk//7dioja+Lv+ZI=,aq6E9y7+09KRQENC1t3uS807D18=
7,1,iry6B7aeXljwk//7dioja+Lv+ZI=,aq6E9y7+09KRQENC1t3uS807D18=
7,0,iry6B7aeXljwk//7dioja+Lv+ZI=,W12oJshbF2Onlb8AaL9ZgbOHrW4=
8,0,iry6B7aeXljwk//7dioja+Lv+ZI=,/Ef15THzVDtMH05QHav0Dr1oSRw=
8,1,iry6B7aeXljwk//7dioja+Lv+ZI=,/Ef15THzVDtMH05QHav0Dr1oSRw=
8,2,iry6B7aeXljwk//7dioja+Lv+ZI=,NUnGUiyuKoTSZtm3WxsbHCukqkU=
8,4,iry6B7aeXljwk//7dioja+Lv+ZI=,W12oJshbF2Onlb8AaL9ZgbOHrW4=
8,5,iry6B7aeXljwk//7dioja+Lv+ZI=,/Ef15THzVDtMH05QHav0Dr1oSRw=
8,6,iry6B7aeXljwk//7dioja+Lv+ZI=,W12oJshbF2Onlb8AaL9ZgbOHrW4=
9,1,WgQSbAOIXRiIFyPVSTDJ2KfJmPw=,NUnGUiyuKoTSZtm3WxsbHCukqkU=
9,0,WgQSbAOIXRiIFyPVSTDJ2KfJmPw=,aq6E9y7+09KRQENC1t3uS807D18=
9,2,WgQSbAOIXRiIFyPVSTDJ2KfJmPw=,/Ef15THzVDtMH05QHav0Dr1oSRw=
9,5,WgQSbAOIXRiIFyPVSTDJ2KfJmPw=,/Ef15THzVDtMH05QHav0Dr1oSRw=
9,6,WgQSbAOIXRiIFyPVSTDJ2KfJmPw=,/Ef15THzVDtMH05QHav0Dr1oSRw=
9,7,WgQSbAOIXRiIFyPVSTDJ2KfJmPw=,aq6E9y7+09KRQENC1t3uS807D18=
10,2,WgQSbAOIXRiIFyPVSTDJ2KfJmPw=,NUnGUiyuKoTSZtm3WxsbHCukqkU=
10,0,WgQSbAOIXRiIFyPVSTDJ2KfJmPw=,NUnGUiyuKoTSZtm3WxsbHCukqkU=
10,1,WgQSbAOIXRiIFyPVSTDJ2KfJmPw=,/Ef15THzVDtMH05QHav0Dr1oSRw=
10,6,WgQSbAOIXRiIFyPVSTDJ2KfJmPw=,/Ef15THzVDtMH05QHav0Dr1oSRw=
10,7,WgQSbAOIXRiIFyPVSTDJ2KfJmPw=,NUnGUiyuKoTSZtm3WxsbHCukqkU=
10,20,WgQSbAOIXRiIFyPVSTDJ2KfJmPw=,/Ef15THzVDtMH05QHav0Dr1oSRw=
10,5,WgQSbAOIXRiIFyPVSTDJ2KfJmPw=,aq6E9y7+09KRQENC1t3uS807D18=
11,8,WgQSbAOIXRiIFyPVSTDJ2KfJmPw=,NUnGUiyuKoTSZtm3WxsbHCukqkU=
11,1,WgQSbAOIXRiIFyPVSTDJ2KfJmPw=,aq6E9y7+09KRQENC1t3uS807D18=
11,0,WgQSbAOIXRiIFyPVSTDJ2KfJmPw=,/Ef15THzVDtMH05QHav0Dr1oSRw=
11,7,WgQSbAOIXRiIFyPVSTDJ2KfJmPw=,/Ef15THzVDtMH05QHav0Dr1oSRw=
11,6,WgQSbAOIXRiIFyPVSTDJ2KfJmPw=,NUnGUiyuKoTSZtm3WxsbHCukqkU=
12,8,WgQSbAOIXRiIFyPVSTDJ2KfJmPw=,/Ef15THzVDtMH05QHav0Dr1oSRw=
12,22,WgQSbAOIXRiIFyPVSTDJ2KfJmPw=,/Ef15THzVDtMH05QHav0Dr1oSRw=
12,6,WgQSbAOIXRiIFyPVSTDJ2KfJmPw=,aq6E9y7+09KRQENC1t3uS807D18=
12,7,WgQSbAOIXRiIFyPVSTDJ2KfJmPw=,/Ef15THzVDtMH05QHav0Dr1oSRw=
12,0,WgQSbAOIXRiIFyPVSTDJ2KfJmPw=,W12oJshbF2Onlb8AaL9ZgbOHrW4=
12,9,WgQSbAOIXRiIFyPVSTDJ2KfJmPw=,aq6E9y7+09KRQENC1t3uS807D18=
13,25,WgQSbAOIXRiIFyPVSTDJ2KfJmPw=,W12oJshbF2Onlb8AaL9ZgbOHrW4=
13,9,WgQSbAOIXRiIFyPVSTDJ2KfJmPw=,/Ef15THzVDtMH05QHav0Dr1oSRw=
13,8,WgQSbAOIXRiIFyPVSTDJ2KfJmPw=,/Ef15THzVDtMH05QHav0Dr1oSRw=
13,26,WgQSbAOIXRiIFyPVSTDJ2KfJmPw=,/Ef15THzVDtMH05QHav0Dr1oSRw=
13,7,WgQSbAOIXRiIFyPVSTDJ2KfJmPw=,aq6E9y7+09KRQENC1t3uS807D18=
13,10,WgQSbAOIXRiIFyPVSTDJ2KfJmPw=,aq6E9y7+09KRQENC1t3uS807D18=
13,22,WgQSbAOIXRiIFyPVSTDJ2KfJmPw=,W12oJshbF2Onlb8AaL9ZgbOHrW4=
14,10,WgQSbAOIXRiIFyPVSTDJ2KfJmPw=,OY67z/LPGvCRLGFWkm7J8EwZGFI=
14,8,WgQSbAOIXRiIFyPVSTDJ2KfJmPw=,hXZdYlgBohL0PyWP64KI+/FXo+I=
14,9,WgQSbAOIXRiIFyPVSTDJ2KfJmPw=,OY67z/LPGvCRLGFWkm7J8EwZGFI=
14,26,WgQSbAOIXRiIFyPVSTDJ2KfJmPw=,bHT6GXO31Hptz1C0rQdFhkqKduM=
14,25,WgQSbAOIXRiIFyPVSTDJ2KfJmPw=,NaWGoj6HaTHTRyJ81E/0KLxqSVc=
15,11,WgQSbAOIXRiIFyPVSTDJ2KfJmPw=,7txMd/XfEIvHdT8a2g56RbCfy5k=
15,10,WgQSbAOIXRiIFyPVSTDJ2KfJmPw=,uJ9/S0qO0b6XT9v3VPmJdiCvG+U=
15,9,WgQSbAOIXRiIFyPVSTDJ2KfJmPw=,7txMd/XfEIvHdT8a2g56RbCfy5k=
16,10,WgQSbAOIXRiIFyPVSTDJ2KfJmPw=,uJ9/S0qO0b6XT9v3VPmJdiCvG+U=
16,11,WgQSbAOIXRiIFyPVSTDJ2KfJmPw=,uJ9/S0qO0b6XT9v3VPmJdiCvG+U=
16,12,WgQSbAOIXRiIFyPVSTDJ2KfJmPw=,nDS80cqqRcgLHaunx9fydCPT2T4=
17,11,WgQSbAOIXRiIFyPVSTDJ2KfJmPw=,nDS80cqqRcgLHaunx9fydCPT2T4=
17,10,WgQSbAOIXRiIFyPVSTDJ2KfJmPw=,qV1l9Q2QpZR05yX2gbhYI4DDSas=
17,12,WgQSbAOIXRiIFyPVSTDJ2KfJmPw=,qV1l9Q2QpZR05yX2gbhYI4DDSas=
24,10,WgQSbAOIXRiIFyPVSTDJ2KfJmPw=,qV1l9Q2QpZR05yX2gbhYI4DDSas=
24,13,WgQSbAOIXRiIFyPVSTDJ2KfJmPw=,qV1l9Q2QpZR05yX2gbhYI4DDSas=
25,11,WgQSbAOIXRiIFyPVSTDJ2KfJmPw=,qV1l9Q2QpZR05yX2gbhYI4DDSas=
27,11,WgQSbAOIXRiIFyPVSTDJ2KfJmPw=,7txMd/XfEIvHdT8a2g56RbCfy5k=
27,10,WgQSbAOIXRiIFyPVSTDJ2KfJmPw=,qV1l9Q2QpZR05yX2gbhYI4DDSas=
8,27,iry6B7aeXljwk//7dioja+Lv+ZI=,W12oJshbF2Onlb8AaL9ZgbOHrW4=
8,28,iry6B7aeXljwk//7dioja+Lv+ZI=,aq6E9y7+09KRQENC1t3uS807D18=
9,27,WgQSbAOIXRiIFyPVSTDJ2KfJmPw=,/Ef15THzVDtMH05QHav0Dr1oSRw=
9,28,WgQSbAOIXRiIFyPVSTDJ2KfJmPw=,W12oJshbF2Onlb8AaL9ZgbOHrW4=
10,27,WgQSbAOIXRiIFyPVSTDJ2KfJmPw=,/Ef15THzVDtMH05QHav0Dr1oSRw=
10,28,WgQSbAOIXRiIFyPVSTDJ2KfJmPw=,W12oJshbF2Onlb8AaL9ZgbOHrW4=
11,27,WgQSbAOIXRiIFyPVSTDJ2KfJmPw=,/Ef15THzVDtMH05QHav0Dr1oSRw=
11,28,WgQSbAOIXRiIFyPVSTDJ2KfJmPw=,W12oJshbF2Onlb8AaL9ZgbOHrW4=
12,26,WgQSbAOIXRiIFyPVSTDJ2KfJmPw=,W12oJshbF2Onlb8AaL9ZgbOHrW4=
12,27,WgQSbAOIXRiIFyPVSTDJ2KfJmPw=,/Ef15THzVDtMH05QHav0Dr1oSRw=
12,28,WgQSbAOIXRiIFyPVSTDJ2KfJmPw=,aq6E9y7+09KRQENC1t3uS807D18=
13,28,WgQSbAOIXRiIFyPVSTDJ2KfJmPw=,W12oJshbF2Onlb8AaL9ZgbOHrW4=
13,27,WgQSbAOIXRiIFyPVSTDJ2KfJmPw=,/Ef15THzVDtMH05QHav0Dr1oSRw=
14,27,WgQSbAOIXRiIFyPVSTDJ2KfJmPw=,bHT6GXO31Hptz1C0rQdFhkqKduM=
14,28,WgQSbAOIXRiIFyPVSTDJ2KfJmPw=,aq6E9y7+09KRQENC1t3uS807D18=
9,26,WgQSbAOIXRiIFyPVSTDJ2KfJmPw=,W12oJshbF2Onlb8AaL9ZgbOHrW4=
10,26,WgQSbAOIXRiIFyPVSTDJ2KfJmPw=,aq6E9y7+09KRQENC1t3uS807D18=
